1,2,3,4,5,coherence
-1.9289761781692505,-2.460226058959961,-1.1789761781692505,-1.0539761781692505,-2.491476058959961,4.666666666666667
-0.5110053420066833,-1.1203804016113281,-3.011005401611328,-5.370380401611328,-7.307880401611328,2.0
-1.1021535396575928,-1.5396535396575928,-1.2740285396575928,-2.0865285396575928,-4.024028778076172,3.0
-0.5049660205841064,-1.2549660205841064,-2.6299660205841064,-4.551840782165527,-6.333090782165527,1.6666666666666667
-1.4851198196411133,-2.4694948196411133,-1.4382448196411133,-1.1569948196411133,-2.3288698196411133,3.3333333333333335
-1.1090278625488281,-1.4527778625488281,-1.3434028625488281,-2.140277862548828,-3.687152862548828,3.3333333333333335
-1.0697401762008667,-1.3509901762008667,-1.3978651762008667,-2.3666152954101562,-3.8666152954101562,3.3333333333333335
-1.38499116897583,-1.88499116897583,-1.22874116897583,-1.54124116897583,-3.11936616897583,4.333333333333333
-0.9977570176124573,-0.8883820176124573,-1.7790069580078125,-3.7633819580078125,-5.3102569580078125,3.0
-1.6246927976608276,-2.702817916870117,-1.3903177976608276,-1.0934427976608276,-2.140317916870117,4.333333333333333
-1.5170655250549316,-1.7201905250549316,-1.0483155250549316,-1.6889405250549316,-3.4389405250549316,3.3333333333333335
-1.0771818161010742,-1.3584318161010742,-1.3115568161010742,-2.467806816101074,-4.850619316101074,3.3333333333333335
-1.353140950202942,-2.2593908309936523,-1.337515950202942,-1.321890950202942,-2.7593908309936523,4.666666666666667
-0.19765974581241608,-2.228909730911255,-3.432034730911255,-4.541409969329834,-5.564847469329834,2.3333333333333335
-1.7265143394470215,-2.3515143394470215,-1.2108893394470215,-1.1640143394470215,-2.5077643394470215,4.333333333333333
-0.7763020396232605,-1.0263020992279053,-2.0263020992279053,-4.073176860809326,-6.104426860809326,1.3333333333333333
-1.4214751720428467,-1.2808501720428467,-1.1089751720428467,-2.2496001720428467,-4.187100410461426,4.333333333333333
-1.5623931884765625,-2.3905181884765625,-1.2655181884765625,-1.1561431884765625,-2.8280181884765625,3.0
-1.631354570388794,-3.568854570388794,-1.662604570388794,-0.943854570388794,-1.865729570388794,4.333333333333333
-1.8943266868591309,-1.9412016868591309,-0.9880767464637756,-1.3318266868591309,-3.316201686859131,4.0
-1.0368064641952515,-1.6774314641952515,-1.3493064641952515,-2.099306583404541,-3.911806583404541,3.3333333333333335
-0.7730027437210083,-1.2730027437210083,-1.7730027437210083,-3.0855026245117188,-5.124565124511719,3.0
-2.0333731174468994,-3.3771231174468994,-1.7052481174468994,-0.9083731770515442,-1.5333731174468994,4.666666666666667
-1.3761332035064697,-2.3605082035064697,-1.4230082035064697,-1.3136332035064697,-2.2042582035064697,5.0
-1.4417119026184082,-1.7698369026184082,-1.1292119026184082,-1.6917119026184082,-2.910461902618408,4.333333333333333
-1.3540291786193848,-1.4165291786193848,-1.1352791786193848,-2.1352791786193848,-3.5571541786193848,3.0
-1.4891268014907837,-1.8016268014907837,-1.1297518014907837,-1.5516268014907837,-3.051626682281494,4.0
-0.8032620549201965,-1.0220119953155518,-1.9438869953155518,-3.9282619953155518,-5.998574733734131,2.0
-1.046494960784912,-1.015244960784912,-1.530869960784912,-3.421494960784912,-4.796494960784912,2.6666666666666665
-0.40330150723457336,-1.543926477432251,-2.606426477432251,-4.24705171585083,-5.64548921585083,3.6666666666666665
-1.1721972227096558,-1.1253222227096558,-1.3128222227096558,-2.9534473419189453,-4.515947341918945,3.0
-1.6707059144973755,-1.8582059144973755,-1.0300809144973755,-1.5300809144973755,-3.217580795288086,3.6666666666666665
-1.6839392185211182,-2.293314218521118,-1.3089392185211182,-1.1839392185211182,-2.324564218521118,4.333333333333333
-0.7912150025367737,-0.9630900025367737,-2.041214942932129,-4.181839942932129,-6.267777442932129,1.3333333333333333
-1.1137182712554932,-1.3168432712554932,-1.3168432712554932,-2.410593271255493,-4.254343032836914,4.333333333333333
-1.0928336381912231,-1.9990836381912231,-1.5459586381912231,-1.6397086381912231,-2.3115835189819336,4.333333333333333
-1.5085150003433228,-1.6803900003433228,-1.1178900003433228,-1.6491400003433228,-3.133514881134033,4.333333333333333
-1.0691328048706055,-1.2253828048706055,-1.3660078048706055,-2.7097578048706055,-4.3347578048706055,2.6666666666666665
-1.137000560760498,-1.730750560760498,-1.433875560760498,-1.840125560760498,-2.558875560760498,4.333333333333333
-0.42199578881263733,-1.984495759010315,-2.3907458782196045,-3.2344958782196045,-2.9063708782196045,4.666666666666667
-1.1650930643081665,-1.4932180643081665,-1.3213430643081665,-2.008842945098877,-3.696342945098877,2.0
-1.837719440460205,-2.259594440460205,-1.165844440460205,-1.150219440460205,-2.665844440460205,5.0
-1.1672227382659912,-2.245347738265991,-1.5265977382659912,-1.4797227382659912,-2.229722738265991,4.0
-1.3334829807281494,-1.3803579807281494,-1.1616079807281494,-2.1928579807281494,-4.13035774230957,3.0
-1.4070398807525635,-2.0789148807525635,-1.2820398807525635,-1.3914148807525635,-2.7976648807525635,4.666666666666667
-2.1355018615722656,-3.8855018615722656,-1.9011269807815552,-0.7448769807815552,-1.6042519807815552,5.0
-1.3068314790725708,-1.7443314790725708,-1.2130814790725708,-1.6662064790725708,-3.3537063598632812,2.6666666666666665
-1.3297053575515747,-2.173455238342285,-1.4703303575515747,-1.3453303575515747,-2.282830238342285,4.333333333333333
-0.7917631268501282,-1.1667630672454834,-1.8542630672454834,-3.3073880672454834,-4.8855133056640625,3.3333333333333335
-1.8045119047164917,-2.8201370239257812,-1.3045119047164917,-0.9920119047164917,-2.3670120239257812,4.333333333333333
-0.570240318775177,-1.1014902591705322,-2.6171152591705322,-4.882740497589111,-6.492115497589111,1.3333333333333333
-1.2010473012924194,-1.6697973012924194,-1.2635473012924194,-1.8885473012924194,-3.591672420501709,3.6666666666666665
-0.5430377721786499,-1.29303777217865,-2.2617878913879395,-4.1524128913879395,-6.0664753913879395,3.6666666666666665
-2.327744722366333,-3.062119722366333,-1.546494722366333,-0.812119722366333,-1.749619722366333,4.333333333333333
-1.5853383541107178,-2.1790883541107178,-1.1478383541107178,-1.3040883541107178,-2.8978383541107178,3.6666666666666665
-1.5239012241363525,-2.3364012241363525,-1.2739012241363525,-1.1957762241363525,-2.7270262241363525,4.0
-1.183013916015625,-2.136138916015625,-1.542388916015625,-1.558013916015625,-2.104888916015625,4.666666666666667
-1.652430772781372,-2.793055772781372,-1.496180772781372,-0.9649308323860168,-2.261805772781372,4.333333333333333
-1.1355555057525635,-1.7136805057525635,-1.3699305057525635,-1.7605555057525635,-3.2136805057525635,4.333333333333333
-0.8206820487976074,-0.9300570487976074,-2.1019320487976074,-4.305057048797607,-6.023807048797607,2.3333333333333335
-1.4684332609176636,-2.093433380126953,-1.2965582609176636,-1.3590582609176636,-2.530933380126953,4.333333333333333
-1.1840871572494507,-1.8090871572494507,-1.4028371572494507,-1.6684621572494507,-2.9184622764587402,3.3333333333333335
-1.7027801275253296,-2.624655246734619,-1.3746551275253296,-1.1090301275253296,-2.077780246734619,4.0
-0.9697778224945068,-1.1572778224945068,-1.5635278224945068,-2.954152822494507,-4.126028060913086,3.3333333333333335
-0.963508129119873,-0.916633129119873,-1.791633129119873,-3.760383129119873,-5.494758129119873,3.0
-0.9643223881721497,-1.6674473285675049,-1.4955723285675049,-2.058072328567505,-3.261197328567505,4.666666666666667
-1.4652533531188965,-1.4183783531188965,-1.1058783531188965,-1.9496283531188965,-3.9027533531188965,2.6666666666666665
-1.3660856485366821,-1.6317106485366821,-1.2098356485366821,-1.7879606485366821,-3.0535855293273926,4.666666666666667
-1.0174758434295654,-1.5487258434295654,-1.4862258434295654,-2.0643508434295654,-3.5018508434295654,3.6666666666666665
-1.714870572090149,-2.8711204528808594,-1.589870572090149,-0.9648705720901489,-1.949245572090149,4.666666666666667
-1.3132368326187134,-2.031986713409424,-1.3444868326187134,-1.4538618326187134,-2.781986713409424,4.333333333333333
-1.39211106300354,-1.62648606300354,-1.07961106300354,-1.86086106300354,-3.97023606300354,3.6666666666666665
-1.4184471368789673,-1.8715721368789673,-1.1996971368789673,-1.4965721368789673,-3.2621970176696777,3.6666666666666665
-0.7312783598899841,-1.153153419494629,-1.950028419494629,-3.700028419494629,-5.535965919494629,2.6666666666666665
-1.8001253604888916,-2.6907503604888916,-1.3313753604888916,-1.0501253604888916,-2.2063753604888916,4.333333333333333
-0.912379801273346,-1.0998797416687012,-1.6467547416687012,-3.443629741668701,-5.013942241668701,2.0
-1.110379695892334,-1.422879695892334,-1.344754695892334,-2.188504695892334,-3.938504695892334,4.666666666666667
-0.7864322662353516,-0.9739322662353516,-2.1301822662353516,-3.8958072662353516,-5.653619766235352,3.0
-0.9153338670730591,-1.321583867073059,-1.477833867073059,-2.8059587478637695,-4.9231462478637695,3.0
-0.6210540533065796,-1.1523040533065796,-2.324179172515869,-4.027304172515869,-5.824179172515869,1.3333333333333333
-1.5053436756134033,-2.0209686756134033,-1.2553436756134033,-1.2865936756134033,-3.1147186756134033,4.0
-0.22890381515026093,-1.9007787704467773,-3.5570287704467773,-5.353903770446777,-6.150778770446777,4.666666666666667
-1.0255098342895508,-0.9942598938941956,-1.6036348342895508,-3.447384834289551,-5.564572334289551,2.3333333333333335
-1.0161348581314087,-1.6723848581314087,-1.4692598581314087,-1.9380098581314087,-3.500509738922119,3.0
-1.1308822631835938,-1.1465072631835938,-1.3965072631835938,-2.7246322631835938,-3.9590072631835938,4.0
-1.1292146444320679,-1.2073396444320679,-1.3479646444320679,-2.6292147636413574,-4.379214763641357,3.6666666666666665
-1.393426775932312,-2.0965518951416016,-1.362176775932312,-1.362176775932312,-2.5340518951416016,3.3333333333333335
-0.707087516784668,-1.457087516784668,-1.863337516784668,-2.800837516784668,-3.488337516784668,3.3333333333333335
-1.3886258602142334,-1.8417508602142334,-1.1542508602142334,-1.6386258602142334,-3.2167508602142334,3.0
-0.9595136046409607,-1.1470136642456055,-1.5376386642456055,-3.1782636642456055,-4.9907636642456055,4.666666666666667
-0.9226951599121094,-0.9070701599121094,-1.9383201599121094,-3.9070701599121094,-5.649257659912109,2.3333333333333335
-1.2053337097167969,-1.2522087097167969,-1.2990837097167969,-2.502208709716797,-4.361583709716797,3.3333333333333335
-1.150075912475586,-1.150075912475586,-1.321950912475586,-2.884450912475586,-4.556325912475586,4.0
-0.7476360201835632,-1.075761079788208,-2.028886079788208,-3.669511079788208,-5.294510841369629,3.0
-1.1073782444000244,-1.0292532444000244,-1.4198782444000244,-3.2948782444000244,-5.060503005981445,1.6666666666666667
-0.7337414622306824,-1.1087415218353271,-2.014991521835327,-3.780616521835327,-5.530616283416748,2.0
-1.1474957466125488,-1.3349957466125488,-1.3037457466125488,-2.350620746612549,-3.834995746612549,3.3333333333333335
-1.337855339050293,-1.962855339050293,-1.353480339050293,-1.494105339050293,-2.509730339050293,3.6666666666666665
-1.173186182975769,-1.845061182975769,-1.438811182975769,-1.688811182975769,-2.7669363021850586,4.333333333333333
-0.8781197667121887,-1.159369707107544,-1.643744707107544,-3.096869707107544,-4.674994945526123,4.333333333333333
-0.3258191645145416,-1.5445691347122192,-3.341444253921509,-5.25550651550293,-6.26331901550293,1.6666666666666667
-2.0079293251037598,-3.2423043251037598,-1.5235543251037598,-0.804804265499115,-2.0704293251037598,4.666666666666667
-1.0131556987762451,-1.4037806987762451,-1.3881556987762451,-2.513155698776245,-4.169405937194824,2.6666666666666665
-1.4941139221191406,-2.3691139221191406,-1.4628639221191406,-1.2128639221191406,-2.1659889221191406,4.0
-0.5809649229049683,-1.6434649229049683,-1.8622149229049683,-3.112215042114258,-4.049715042114258,5.0
-0.8962147235870361,-1.3805897235870361,-1.5055897235870361,-2.677464723587036,-4.036839485168457,3.3333333333333335
-0.9136806726455688,-1.2574306726455688,-1.6011806726455688,-2.7418055534362793,-4.351180553436279,2.6666666666666665
-0.7099260687828064,-1.0693011283874512,-2.116176128387451,-3.944301128387451,-5.428676128387451,2.3333333333333335
-1.9960639476776123,-3.3554389476776123,-1.6835639476776123,-0.8241890072822571,-1.7773139476776123,4.666666666666667
-2.317568302154541,-3.989443302154541,-1.6925681829452515,-0.6144431829452515,-2.051943302154541,4.333333333333333
-1.3315131664276123,-1.6908881664276123,-1.2533881664276123,-1.6908881664276123,-2.9565131664276123,2.6666666666666665
-1.4747443199157715,-1.4591193199157715,-1.0997443199157715,-1.8809943199157715,-3.8653693199157715,4.0
-1.3474568128585815,-2.066206932067871,-1.1755818128585815,-1.4880818128585815,-3.206831932067871,5.0
-1.3203638792037964,-1.6641138792037964,-1.2891138792037964,-1.7109888792037964,-2.835988998413086,4.333333333333333
-1.1671439409255981,-1.2296439409255981,-1.3233939409255981,-2.5108938217163086,-3.7921438217163086,3.0
-0.6698796153068542,-1.248004674911499,-1.966754674911499,-3.669879674911499,-4.65425443649292,1.0
-1.4986529350280762,-1.6236529350280762,-1.1080279350280762,-1.6861529350280762,-3.561152935028076,2.3333333333333335
-1.3302477598190308,-1.9083727598190308,-1.2521227598190308,-1.5802477598190308,-2.7052478790283203,3.6666666666666665
-0.7740451097488403,-0.9615451097488403,-2.117794990539551,-4.133419990539551,-6.383419990539551,1.6666666666666667
-1.144687294960022,-1.191562294960022,-1.347812294960022,-2.5509371757507324,-4.191562175750732,3.6666666666666665
-0.7498446106910706,-1.1404695510864258,-1.9529695510864258,-3.515469551086426,-5.351407051086426,1.0
-1.440770149230957,-1.737645149230957,-1.315770149230957,-1.565770149230957,-2.487645149230957,4.666666666666667
-1.4626973867416382,-2.1970725059509277,-1.3064473867416382,-1.3220723867416382,-2.5095725059509277,4.0
-0.834565281867981,-1.615815281867981,-1.568940281867981,-2.3814401626586914,-3.8658151626586914,3.0
-0.7044847011566162,-1.0638597011566162,-2.095109701156616,-4.173234939575195,-6.009172439575195,3.3333333333333335
-1.5708601474761963,-2.3521101474761963,-1.4614851474761963,-1.1802351474761963,-2.1177351474761963,4.0
-1.2910010814666748,-1.1972510814666748,-1.2285010814666748,-2.509751081466675,-4.759751319885254,2.3333333333333335
-1.5000903606414795,-2.0625903606414795,-1.1719653606414795,-1.3907153606414795,-3.0313403606414795,3.3333333333333335
-1.2219512462615967,-1.8782012462615967,-1.3782012462615967,-1.6438262462615967,-2.7688262462615967,3.0
-1.2765848636627197,-1.6984598636627197,-1.3078348636627197,-1.6984598636627197,-2.9172098636627197,4.333333333333333
-1.1810628175735474,-1.6185628175735474,-1.3373128175735474,-1.7904378175735474,-3.337312698364258,4.333333333333333
-1.1113299131393433,-1.4707049131393433,-1.3613299131393433,-2.173830032348633,-3.470705032348633,4.0
-1.478158712387085,-1.493783712387085,-1.103158712387085,-1.915658712387085,-3.165658712387085,4.0
-1.2327923774719238,-1.7640423774719238,-1.2484173774719238,-1.7484173774719238,-3.217167377471924,3.3333333333333335
-1.2325019836425781,-1.2481269836425781,-1.2637519836425781,-2.404376983642578,-4.388751983642578,2.3333333333333335
-0.9529604911804199,-0.9842104911804199,-1.71858549118042,-3.65608549118042,-5.80452299118042,1.6666666666666667
-0.716282069683075,-1.0600321292877197,-2.2319071292877197,-4.044406890869141,-5.216281890869141,3.0
-1.713580846786499,-2.744830846786499,-1.463580846786499,-0.9479557871818542,-2.260455846786499,4.0
-1.341025471687317,-1.544150471687317,-1.231650471687317,-1.747275471687317,-3.4972753524780273,3.3333333333333335
-0.42551031708717346,-1.363010287284851,-2.8473854064941406,-4.800510406494141,-6.495822906494141,2.3333333333333335
-1.5769586563110352,-2.217583656311035,-1.2332086563110352,-1.2488336563110352,-2.795708656311035,3.6666666666666665
-0.942430317401886,-1.0674302577972412,-1.6455552577972412,-3.223680257797241,-5.08305549621582,2.3333333333333335
-2.1921188831329346,-3.1608688831329346,-1.4733688831329346,-0.8171188235282898,-1.9264938831329346,4.666666666666667
-2.0296788215637207,-2.4203038215637207,-1.0921788215637207,-1.1078038215637207,-2.6078038215637207,5.0
-0.7635378241539001,-1.201037883758545,-1.826037883758545,-3.357287883758545,-5.076037883758545,5.0
-1.186781644821167,-1.733656644821167,-1.249281644821167,-1.811781644821167,-3.561781644821167,2.3333333333333335
-1.4176517724990845,-1.5582767724990845,-1.1832767724990845,-1.7926517724990845,-3.183276653289795,4.333333333333333
-1.4867554903030396,-2.14300537109375,-1.2680054903030396,-1.3461304903030396,-2.58050537109375,3.3333333333333335
-0.9267551898956299,-0.9580051898956299,-1.8173801898956299,-3.56738018989563,-5.489254951477051,2.6666666666666665
-0.9334442615509033,-1.3709442615509033,-1.6053192615509033,-2.3865692615509033,-3.5584442615509033,3.0
-1.0280177593231201,-0.9030177593231201,-1.6998927593231201,-3.74676775932312,-6.059267997741699,2.6666666666666665
-1.0528124570846558,-1.5059374570846558,-1.3965624570846558,-2.0996875762939453,-3.5215625762939453,4.0
-1.6950860023498535,-2.3669610023498535,-1.0544610023498535,-1.2419610023498535,-3.1794610023498535,2.6666666666666665
-1.1680303812026978,-1.2774053812026978,-1.3399053812026978,-2.308655261993408,-3.855530261993408,4.0
-0.5012803673744202,-1.4075303077697754,-2.3606553077697754,-4.001280307769775,-5.376280307769775,1.6666666666666667
-1.3327816724777222,-1.7234066724777222,-1.2077816724777222,-1.6765316724777222,-3.2546567916870117,3.3333333333333335
-1.11452317237854,-1.14577317237854,-1.36452317237854,-2.80202317237854,-4.083272933959961,4.333333333333333
-1.724862813949585,-3.427987813949585,-1.756112813949585,-0.8342378735542297,-1.974862813949585,4.333333333333333
-1.940122365951538,-2.986997365951538,-1.533872365951538,-0.8932473063468933,-1.908872365951538,4.333333333333333
-1.3051550388336182,-1.3989050388336182,-1.1489050388336182,-2.180155038833618,-4.086404800415039,2.0
-1.7073343992233276,-1.3479593992233276,-0.9573343992233276,-2.035459518432617,-4.426084518432617,3.6666666666666665
-1.0726197957992554,-1.6351197957992554,-1.4007447957992554,-1.9632447957992554,-3.166369915008545,3.3333333333333335
-1.0912977457046509,-1.3725477457046509,-1.3725477457046509,-2.3725476264953613,-3.1537976264953613,2.6666666666666665
-1.664293885231018,-2.2892937660217285,-1.179918885231018,-1.226793885231018,-2.6642937660217285,3.6666666666666665
-1.3083025217056274,-1.7614275217056274,-1.2145525217056274,-1.6520525217056274,-3.448927402496338,2.6666666666666665
-0.614163339138031,-1.1141633987426758,-2.411038398742676,-4.207913398742676,-5.254788398742676,2.3333333333333335
-1.2126708030700684,-1.2282958030700684,-1.3376708030700684,-2.3689208030700684,-3.6189208030700684,4.0
-1.756248950958252,-1.349998950958252,-0.928123950958252,-2.021873950958252,-4.303123950958252,3.3333333333333335
-2.275817632675171,-4.15081787109375,-2.041442632675171,-0.6508176922798157,-1.603942632675171,4.333333333333333
-1.9367506504058838,-2.608625650405884,-1.2805006504058838,-0.9992506504058838,-2.264875650405884,4.0
-0.9146356582641602,-1.2115106582641602,-1.6177606582641602,-2.89901065826416,-4.22713565826416,2.0
-2.0172338485717773,-3.1891088485717773,-1.4547337293624878,-0.7984837293624878,-2.1891088485717773,4.333333333333333
-0.8669881224632263,-1.179488182067871,-1.663863182067871,-3.085738182067871,-4.507613182067871,4.0
-0.6837990283966064,-1.0119240283966064,-2.3400490283966064,-4.558798789978027,-6.246298789978027,2.0
-0.7825071215629578,-0.9700071215629578,-2.1106321811676025,-4.188756942749023,-6.001256942749023,1.0
-0.7323946952819824,-1.1855196952819824,-1.9667696952819824,-3.5917696952819824,-5.287082195281982,2.3333333333333335
-1.5122079849243164,-1.8559579849243164,-1.1215829849243164,-1.4653329849243164,-3.4184579849243164,3.3333333333333335
-1.9620596170425415,-2.680809497833252,-1.2120596170425415,-0.9776846170425415,-2.555809497833252,4.666666666666667
-1.331390380859375,-2.034515380859375,-1.268890380859375,-1.456390380859375,-2.956390380859375,4.0
-0.6041853427886963,-1.3073103427886963,-2.0729353427886963,-3.6979353427886963,-4.932310104370117,4.333333333333333
-1.3134031295776367,-1.9696531295776367,-1.3134031295776367,-1.4696531295776367,-2.7821531295776367,4.333333333333333
-1.2246168851852417,-1.7089918851852417,-1.2871168851852417,-1.7558668851852417,-3.0996170043945312,4.333333333333333
-1.051659107208252,-0.879784107208252,-1.739159107208252,-3.645409107208252,-5.817284107208252,2.3333333333333335
-1.3611444234848022,-1.2673944234848022,-1.2048944234848022,-2.267394542694092,-3.423644542694092,4.333333333333333
-1.6719295978546143,-2.3438045978546143,-1.2656795978546143,-1.0938045978546143,-2.8281795978546143,4.0
-1.440770149230957,-1.737645149230957,-1.315770149230957,-1.565770149230957,-2.487645149230957,4.333333333333333
-1.3736035823822021,-0.9673535823822021,-1.2798535823822021,-3.029853582382202,-5.217353820800781,3.0
-0.8710758090019226,-0.8398258090019226,-2.1523258686065674,-4.402325630187988,-6.667950630187988,1.6666666666666667
-1.424858570098877,-1.893608570098877,-1.174858570098877,-1.612358570098877,-2.752983570098877,4.666666666666667
-1.0316654443740845,-1.0316654443740845,-1.5316654443740845,-3.203540325164795,-5.047290325164795,3.6666666666666665
-1.1680272817611694,-1.0742772817611694,-1.3867772817611694,-2.777402400970459,-4.902402400970459,3.6666666666666665
-0.6830092668533325,-1.4642592668533325,-1.8236342668533325,-3.120509147644043,-4.542384147644043,4.333333333333333
-1.3225576877593994,-1.7444326877593994,-1.1975576877593994,-1.7444326877593994,-3.0725576877593994,3.6666666666666665
-2.1549181938171387,-3.1549181938171387,-1.3736681938171387,-0.7799182534217834,-2.2799181938171387,5.0
-0.4860607981681824,-1.6110608577728271,-2.251685857772827,-3.642310857772827,-3.454810857772827,4.666666666666667
-1.6957508325576782,-1.9926258325576782,-1.0863758325576782,-1.3520008325576782,-2.9770007133483887,3.3333333333333335
-1.3717970848083496,-2.0592970848083496,-1.2936720848083496,-1.4186720848083496,-2.8561720848083496,3.6666666666666665
-1.183013916015625,-2.136138916015625,-1.542388916015625,-1.558013916015625,-2.104888916015625,4.333333333333333
-1.266327977180481,-1.250702977180481,-1.219452977180481,-2.4069528579711914,-4.328827857971191,4.0
-1.183013916015625,-2.136138916015625,-1.542388916015625,-1.558013916015625,-2.104888916015625,4.0
-1.574791669845581,-2.199791669845581,-1.215416669845581,-1.309166669845581,-2.606041669845581,4.333333333333333
-1.1068984270095825,-1.3881484270095825,-1.3100234270095825,-2.513148307800293,-3.888148307800293,3.0
-1.5994597673416138,-2.615084648132324,-1.3807097673416138,-1.0525847673416138,-2.365084648132324,5.0
-1.715514898300171,-2.324889898300171,-1.246764898300171,-1.137389898300171,-2.574889898300171,4.333333333333333
-1.0908231735229492,-1.3564481735229492,-1.3251981735229492,-2.465823173522949,-4.434573173522949,3.3333333333333335
-0.8642849326133728,-1.0517849922180176,-1.7705349922180176,-3.5361599922180176,-5.036159992218018,2.6666666666666665
-1.2593443393707275,-1.1968443393707275,-1.1968443393707275,-2.6343443393707275,-4.712469100952148,3.3333333333333335
-1.1042916774749756,-1.4949166774749756,-1.3386666774749756,-2.1511666774749756,-3.3230416774749756,3.3333333333333335
-1.4370982646942139,-1.5620982646942139,-1.1870982646942139,-1.7964732646942139,-3.093348264694214,4.0
-0.9809586405754089,-1.1059587001800537,-1.5590837001800537,-3.1528337001800537,-5.043458461761475,2.0
-1.433830976486206,-1.558830976486206,-1.090080976486206,-1.824455976486206,-3.824455976486206,5.0
-1.3310232162475586,-1.9716482162475586,-1.4247732162475586,-1.3466482162475586,-2.7528982162475586,4.333333333333333
-1.4669899940490723,-2.9513649940490723,-1.4357399940490723,-1.0451149940490723,-2.5138649940490723,4.333333333333333
-1.037212610244751,-1.552837610244751,-1.365337610244751,-2.224712610244751,-4.162212371826172,3.6666666666666665
-1.581549882888794,-2.253424882888794,-1.206549882888794,-1.269049882888794,-2.831549882888794,4.333333333333333
-1.0421459674835205,-1.1671459674835205,-1.4640209674835205,-2.7608959674835205,-4.135895729064941,3.6666666666666665
-1.9813579320907593,-2.512608051300049,-1.2938579320907593,-0.9344829320907593,-2.465733051300049,3.6666666666666665
-1.1894817352294922,-1.2363567352294922,-1.2519817352294922,-2.564481735229492,-3.986356735229492,2.6666666666666665
-1.0577127933502197,-1.1983377933502197,-1.4170877933502197,-2.8858377933502197,-4.956150054931641,4.0
-0.365170419216156,-1.4589204788208008,-3.177670478820801,-5.146420478820801,-11.512925464970229,1.6666666666666667
-1.4619252681732178,-2.4775502681732178,-1.4306752681732178,-1.1494252681732178,-2.3681752681732178,4.333333333333333
-0.905474066734314,-1.296099066734314,-1.514849066734314,-2.7804741859436035,-4.5304741859436035,1.6666666666666667
-0.8859440088272095,-1.1671940088272095,-1.6359440088272095,-3.15156888961792,-5.38594388961792,2.6666666666666665
-1.3011260032653809,-2.113626003265381,-1.4261260032653809,-1.3792510032653809,-2.566751003265381,3.3333333333333335
-1.6140544414520264,-2.2859294414520264,-1.3015544414520264,-1.1921794414520264,-2.4421794414520264,5.0
-1.0136343240737915,-1.3261343240737915,-1.4042593240737915,-2.498009204864502,-4.076134204864502,1.6666666666666667
-1.0669784545898438,-1.2701034545898438,-1.3951034545898438,-2.5513534545898438,-4.379478454589844,2.0
-0.9801819324493408,-1.4333069324493408,-1.4801819324493408,-2.323931932449341,-3.839556932449341,2.6666666666666665
-1.7841508388519287,-2.2997758388519287,-1.1747758388519287,-1.1904008388519287,-2.4404008388519287,5.0
-1.1108896732330322,-1.5952646732330322,-1.2671396732330322,-2.1421396732330322,-3.9702646732330322,2.0
-1.2317909002304077,-1.9505409002304077,-1.4505409002304077,-1.5130409002304077,-2.5911660194396973,4.0
-1.280875325202942,-1.905875325202942,-1.312125325202942,-1.530875325202942,-2.8433752059936523,5.0
-1.9683537483215332,-2.327728748321533,-1.1089787483215332,-1.1558537483215332,-2.483978748321533,2.6666666666666665
-1.2913899421691895,-1.8538899421691895,-1.1507649421691895,-1.8070149421691895,-3.0570149421691895,4.666666666666667
-1.1939756870269775,-1.4439756870269775,-1.3502256870269775,-1.9908506870269775,-3.5689756870269775,4.0
-1.076418399810791,-1.310793399810791,-1.373293399810791,-2.482668399810791,-3.888918399810791,4.333333333333333
-1.30404794216156,-1.66342294216156,-1.27279794216156,-1.71029794216156,-3.2102980613708496,5.0
-1.4338101148605347,-1.7619351148605347,-1.1213101148605347,-1.6525601148605347,-3.558810234069824,4.0
-0.36561116576194763,-1.64686119556427,-2.6156110763549805,-4.0843610763549805,-5.2874860763549805,2.3333333333333335
-1.530454397201538,-1.671079397201538,-0.9992043972015381,-1.811704397201538,-3.530454397201538,1.6666666666666667
-1.682586431503296,-2.573211431503296,-1.370086431503296,-1.041961431503296,-2.307586431503296,4.333333333333333
-1.2432959079742432,-1.9620459079742432,-1.3839209079742432,-1.5714209079742432,-2.555795907974243,4.333333333333333
-1.0528124570846558,-1.5059374570846558,-1.3965624570846558,-2.0996875762939453,-3.5215625762939453,4.0
-1.434168815612793,-1.699793815612793,-1.152918815612793,-1.652918815612793,-3.340418815612793,5.0
-1.1783199310302734,-1.2095699310302734,-1.2720699310302734,-2.6158199310302734,-4.287694931030273,4.0
-0.635119616985321,-1.0882446765899658,-2.416369676589966,-4.260119438171387,-5.619494438171387,2.3333333333333335
-1.2204142808914185,-1.0954142808914185,-1.3297892808914185,-2.751664161682129,-4.189164161682129,3.0
-1.1782135963439941,-1.1625885963439941,-1.3032135963439941,-2.662588596343994,-4.600088596343994,3.6666666666666665
-1.557953119277954,-2.432953119277954,-1.339203119277954,-1.214203119277954,-2.214203119277954,4.333333333333333
-0.8934592008590698,-1.0497092008590698,-1.7840842008590698,-3.4872093200683594,-5.315334320068359,2.6666666666666665
-1.948673963546753,-2.698673963546753,-1.354923963546753,-0.9799239635467529,-2.042423963546753,4.0
-1.1345402002334595,-1.4157902002334595,-1.3376652002334595,-2.25954008102417,-3.19704008102417,4.333333333333333
-0.3092324137687683,-1.715482473373413,-2.934232473373413,-4.574857234954834,-4.746732234954834,4.333333333333333
-2.1216788291931152,-3.4341788291931152,-1.6216788291931152,-0.76230388879776,-1.8873038291931152,4.333333333333333
-0.43436288833618164,-1.3718628883361816,-2.6999878883361816,-4.434362888336182,-5.793737888336182,1.3333333333333333
-0.7663240432739258,-1.1881990432739258,-1.8444490432739258,-3.500699043273926,-4.719449043273926,3.0
-0.8648255467414856,-1.1148254871368408,-1.7242004871368408,-3.302325487136841,-4.61482572555542,3.0
-1.5460025072097778,-1.8741275072097778,-1.1710025072097778,-1.4678775072097778,-2.8897523880004883,3.6666666666666665
-1.3295128345489502,-0.907637894153595,-1.3451378345489502,-3.34513783454895,-5.431075572967529,3.6666666666666665
-0.7875872254371643,-1.6000871658325195,-1.6625871658325195,-2.4438371658325195,-3.5375871658325195,4.0
-0.8725937008857727,-0.9194687008857727,-1.981968641281128,-3.872593641281128,-5.278843879699707,2.0
-0.8684309124946594,-1.2434308528900146,-1.5715558528900146,-2.9621808528900146,-4.852806091308594,4.333333333333333
-1.4734718799591064,-1.6140968799591064,-1.0672218799591064,-1.7390968799591064,-4.098471641540527,4.333333333333333
-0.7200487852096558,-1.0950487852096558,-2.1731739044189453,-3.8919239044189453,-5.032548904418945,1.6666666666666667
-1.241213321685791,-1.334963321685791,-1.241213321685791,-2.225588321685791,-4.209963321685791,2.6666666666666665
-0.5920367240905762,-1.5295367240905762,-2.029536724090576,-3.248286724090576,-4.498286724090576,2.3333333333333335
-1.3798108100891113,-1.0204358100891113,-1.1923108100891113,-2.9266858100891113,-5.223560810089111,2.0
-1.2792012691497803,-2.0917012691497803,-1.3417012691497803,-1.4354512691497803,-3.1542012691497803,3.3333333333333335
-1.061260461807251,-1.014385461807251,-1.545635461807251,-3.108135461807251,-4.420635223388672,1.6666666666666667
-1.0157729387283325,-1.0157729387283325,-1.5938979387283325,-3.297022819519043,-5.140772819519043,2.0
-1.0246005058288574,-1.1808505058288574,-1.4464755058288574,-2.9152255058288574,-4.930850505828857,3.0
-1.1265980005264282,-1.1734730005264282,-1.3765980005264282,-2.7047228813171387,-4.423472881317139,5.0
-1.0873558521270752,-1.4467308521270752,-1.4154808521270752,-2.196730852127075,-3.384230852127075,4.0
-0.8934346437454224,-1.2996846437454224,-1.5653096437454224,-2.830934524536133,-3.690309524536133,4.666666666666667
-1.3891572952270508,-2.107907295227051,-1.4672822952270508,-1.3891572952270508,-2.154782295227051,4.333333333333333
-1.580558180809021,-1.939933180809021,-1.143058180809021,-1.439933180809021,-3.2368083000183105,4.666666666666667
-1.935856819152832,-2.607731819152832,-1.310856819152832,-0.920231819152832,-2.498356819152832,3.6666666666666665
-0.3258283734321594,-1.6070783138275146,-3.0914533138275146,-4.919578552246094,-6.482078552246094,1.6666666666666667
-1.13454270362854,-1.00954270362854,-1.50954270362854,-2.91579270362854,-4.947042465209961,3.6666666666666665
-1.6248795986175537,-2.4686295986175537,-1.3592545986175537,-1.0936295986175537,-2.3280045986175537,4.0
-1.2574491500854492,-1.5074491500854492,-1.1324491500854492,-2.132449150085449,-4.460574150085449,2.6666666666666665
-1.6948035955429077,-2.1635537147521973,-1.2104285955429077,-1.1948035955429077,-2.7729287147521973,4.666666666666667
-1.4151365756988525,-1.7432615756988525,-1.2120115756988525,-1.6651365756988525,-2.6963865756988525,4.0
-1.1536757946014404,-2.0443007946014404,-1.3724257946014404,-1.5755507946014404,-2.9193007946014404,3.0
-0.6550350189208984,-1.3737850189208984,-1.9206600189208984,-3.4206600189208984,-5.397222518920898,4.333333333333333
-0.8780205845832825,-1.5186455249786377,-1.4873955249786377,-2.5186455249786377,-3.8311455249786377,3.6666666666666665
-1.8005094528198242,-2.800509452819824,-1.5192594528198242,-0.9098844528198242,-2.113009452819824,4.333333333333333
-0.9393749237060547,-0.9081249237060547,-1.8612499237060547,-3.7831249237060547,-5.267499923706055,3.0
-1.2283395528793335,-1.6658395528793335,-1.2908395528793335,-1.8064645528793335,-3.322089672088623,4.333333333333333
-1.840045690536499,-2.152545690536499,-1.152545690536499,-1.215045690536499,-2.496295690536499,4.0
-1.0356732606887817,-1.0981732606887817,-1.4731732606887817,-3.066923141479492,-4.879423141479492,3.3333333333333335
-1.2988898754119873,-1.4551398754119873,-1.1426398754119873,-2.1895148754119873,-3.8301398754119873,3.6666666666666665
-1.1675392389297485,-1.3706642389297485,-1.2612892389297485,-2.308164119720459,-3.980039119720459,2.0
-0.8753234148025513,-1.2971984148025513,-1.6409484148025513,-2.6565732955932617,-3.9534482955932617,2.6666666666666665
-1.2000278234481812,-1.3406528234481812,-1.2156528234481812,-2.3719029426574707,-4.590652942657471,2.0
-2.414433479309082,-3.680058479309082,-1.4300585985183716,-0.6800585985183716,-2.242558479309082,3.6666666666666665
-0.763144850730896,-1.528769850730896,-1.653769850730896,-2.7318949699401855,-4.1537699699401855,3.0
-1.2132227420806885,-1.3694727420806885,-1.2757227420806885,-2.2757227420806885,-3.4163477420806885,4.0
-1.499691128730774,-1.296566128730774,-1.077816128730774,-2.2028160095214844,-3.5934410095214844,4.333333333333333
-1.062732219696045,-0.9846072196960449,-1.547107219696045,-3.218982219696045,-4.984607219696045,3.6666666666666665
-0.6058843731880188,-1.340259313583374,-2.027759313583374,-3.574634313583374,-4.152759552001953,4.666666666666667
-1.6115241050720215,-1.9865241050720215,-1.1583991050720215,-1.3615241050720215,-3.0490241050720215,4.0
-0.9932399988174438,-1.2276149988174438,-1.5244899988174438,-2.6494898796081543,-4.477614879608154,4.333333333333333
-1.5921688079833984,-1.9202938079833984,-1.1077938079833984,-1.4827938079833984,-2.7171688079833984,5.0
-1.0526844263076782,-1.1464344263076782,-1.3808094263076782,-3.0526843070983887,-5.302684307098389,5.0
-0.8524578213691711,-1.6962077617645264,-1.6024577617645264,-2.1805827617645264,-3.5712077617645264,3.6666666666666665
-1.5883674621582031,-2.291492462158203,-1.1508674621582031,-1.2446174621582031,-2.994617462158203,3.0
-0.7514549493789673,-0.9702049493789673,-2.2358298301696777,-4.095204830169678,-5.360829830169678,2.0
-1.0663236379623413,-1.1600736379623413,-1.4100736379623413,-2.894448757171631,-4.863198757171631,2.6666666666666665
-1.5685099363327026,-2.490385055541992,-1.3185099363327026,-1.1310099363327026,-2.521635055541992,4.333333333333333
-0.9481443166732788,-1.0106443166732788,-1.6981443166732788,-3.4637694358825684,-5.541894435882568,2.6666666666666665
-1.30404794216156,-1.66342294216156,-1.27279794216156,-1.71029794216156,-3.2102980613708496,4.333333333333333
-0.6770541667938232,-1.2395541667938232,-1.9895541667938232,-3.7239291667938232,-5.325491905212402,2.0
-1.519172191619873,-2.316047191619873,-1.347297191619873,-1.237922191619873,-2.362922191619873,4.666666666666667
-1.640700340270996,-2.953200340270996,-1.453200340270996,-0.9688253402709961,-2.250075340270996,4.333333333333333
-1.682382345199585,-1.698007345199585,-1.041757345199585,-1.588632345199585,-3.026132345199585,4.333333333333333
-0.7916451692581177,-1.0572701692581177,-1.9478951692581177,-3.666645050048828,-5.229145050048828,3.0
-1.1651501655578613,-1.6182751655578613,-1.3682751655578613,-1.8057751655578613,-3.1651501655578613,2.6666666666666665
-1.2291464805603027,-1.9166464805603027,-1.3228964805603027,-1.5728964805603027,-2.9166464805603027,5.0
-1.6850087642669678,-2.1381337642669678,-1.2475087642669678,-1.3100087642669678,-2.1850087642669678,4.333333333333333
-0.6170626282691956,-1.2264375686645508,-2.242062568664551,-3.882687568664551,-4.945187568664551,2.6666666666666665
-0.8097865581512451,-1.2785365581512451,-1.7004115581512451,-2.950411558151245,-4.122286796569824,2.0
-1.0577845573425293,-1.5890345573425293,-1.4484095573425293,-2.0577845573425293,-3.1202845573425293,1.6666666666666667
-1.2158159017562866,-1.7314409017562866,-1.3564409017562866,-1.6689409017562866,-3.153316020965576,4.666666666666667
-0.9444171786308289,-1.1475422382354736,-1.5537922382354736,-3.0381672382354736,-4.5069169998168945,2.0
-0.9784950017929077,-1.2284950017929077,-1.4941200017929077,-2.7597451210021973,-4.087870121002197,2.3333333333333335
-1.0353285074234009,-1.1915785074234009,-1.4415785074234009,-2.7540783882141113,-4.488453388214111,3.0
-0.8463640213012695,-1.2526140213012695,-1.7057390213012695,-3.0338640213012695,-4.9010515213012695,1.6666666666666667
-1.7212923765182495,-2.580667495727539,-1.4244173765182495,-1.0494173765182495,-2.127542495727539,4.333333333333333
-1.121092677116394,-1.089842677116394,-1.402342677116394,-2.9492177963256836,-4.933592796325684,2.3333333333333335
-0.5387312769889832,-1.132481336593628,-2.694981336593628,-4.882481098175049,-6.851231098175049,1.0
-0.9157428741455078,-1.2594928741455078,-1.5563678741455078,-2.868867874145508,-4.025117874145508,3.3333333333333335
-1.1769328117370605,-1.1769328117370605,-1.3331828117370605,-2.5675578117370605,-4.0050578117370605,2.6666666666666665
-1.2861419916152954,-1.3017669916152954,-1.1923919916152954,-2.301766872406006,-3.879891872406006,3.6666666666666665
-1.8988093137741089,-2.6956844329833984,-1.2581843137741089,-0.9144343137741089,-2.7269344329833984,5.0
-0.828704833984375,-0.859954833984375,-2.250579833984375,-4.609954833984375,-6.453704833984375,2.0
-0.86836838722229,-1.52461838722229,-1.55586838722229,-2.39961838722229,-3.66524338722229,5.0
-2.3111071586608887,-2.5611071586608887,-1.0298570394515991,-0.9829820394515991,-2.7173571586608887,4.666666666666667
-0.547836422920227,-1.125961422920227,-2.6415863037109375,-4.7197113037109375,-6.4775238037109375,1.6666666666666667
-0.9186400175094604,-0.8873900175094604,-1.9655150175094604,-3.73114013671875,-5.15301513671875,3.0
-1.6369969844818115,-1.9026219844818115,-1.0744969844818115,-1.4651219844818115,-2.9807469844818115,3.6666666666666665
-1.9778560400009155,-3.305981159210205,-1.6497310400009155,-0.8059810400009155,-1.8216060400009155,4.333333333333333
-0.8684859275817871,-0.8684859275817871,-2.118485927581787,-4.024735927581787,-5.727860927581787,2.6666666666666665
-1.1042977571487427,-1.1511727571487427,-1.4167977571487427,-2.698047637939453,-4.307422637939453,3.3333333333333335
-1.0039130449295044,-1.0820380449295044,-1.5820380449295044,-3.066412925720215,-4.707037925720215,3.0
-1.3153756856918335,-1.7372506856918335,-1.1903756856918335,-1.7060006856918335,-3.674750804901123,3.0
-1.0290021896362305,-1.4040021896362305,-1.3727521896362305,-2.4352521896362305,-3.9977521896362305,3.6666666666666665
-1.0545469522476196,-1.2107969522476196,-1.3514219522476196,-2.78892183303833,-4.78892183303833,3.3333333333333335
-1.4514546394348145,-1.1077046394348145,-1.1233296394348145,-2.6389546394348145,-4.9514546394348145,1.6666666666666667
-1.2365202903747559,-1.8771452903747559,-1.4552702903747559,-1.5958952903747559,-2.408395290374756,4.666666666666667
-1.2824631929397583,-1.3137131929397583,-1.1730881929397583,-2.2668380737304688,-4.344963073730469,3.0
-0.8463480472564697,-1.2994730472564697,-1.6119730472564697,-2.8775980472564697,-4.174472808837891,3.3333333333333335
-1.3195663690567017,-1.6789413690567017,-1.3039413690567017,-1.6320663690567017,-3.163316249847412,5.0
-1.2079664468765259,-1.2235914468765259,-1.2548414468765259,-2.5204663276672363,-4.520466327667236,3.3333333333333335
-0.6951644420623779,-1.038914442062378,-2.273289442062378,-4.304539680480957,-6.109227180480957,1.6666666666666667
-1.3988149166107178,-1.4300649166107178,-1.1175649166107178,-2.0550649166107178,-3.6175649166107178,4.0
-0.5907300114631653,-1.3251049518585205,-2.0907299518585205,-3.7157299518585205,-5.1688551902771,3.6666666666666665
-0.4555777609348297,-1.4868277311325073,-2.486827850341797,-3.627452850341797,-4.721202850341797,3.3333333333333335
-1.2155771255493164,-1.4812021255493164,-1.2624521255493164,-2.0124521255493164,-3.5905771255493164,2.3333333333333335
-0.8712790608406067,-1.027529001235962,-1.840029001235962,-3.402529001235962,-4.886904239654541,3.0
-2.7888450622558594,-3.7732200622558594,-1.851345181465149,-0.7107201814651489,-1.413845181465149,4.666666666666667
-1.4251470565795898,-1.7845220565795898,-1.0657720565795898,-1.7688970565795898,-3.50327205657959,2.6666666666666665
-1.1482857465744019,-0.9295357465744019,-1.5232857465744019,-3.1639108657836914,-5.179535865783691,4.0
-1.5612789392471313,-1.7644039392471313,-1.0456539392471313,-1.6394039392471313,-3.280028820037842,3.3333333333333335
-1.5496073961257935,-2.065232276916504,-1.2058573961257935,-1.3308573961257935,-2.799607276916504,3.3333333333333335
-0.8255143761634827,-1.419264316558838,-1.638014316558838,-2.622389316558838,-3.825514316558838,2.3333333333333335
-1.9585191011428833,-2.7710189819335938,-1.2085191011428833,-1.0366441011428833,-2.2553939819335938,4.333333333333333
-1.7326411008834839,-2.5763912200927734,-1.3420161008834839,-1.1545161008834839,-1.9513911008834839,3.6666666666666665
-0.8164847493171692,-0.8946097493171692,-2.2071096897125244,-4.2227349281311035,-6.4571099281311035,1.6666666666666667
-1.7500317096710205,-2.3906567096710205,-1.3281567096710205,-1.0781567096710205,-2.2812817096710205,4.666666666666667
-1.2430791854858398,-1.4149541854858398,-1.2587041854858398,-2.07120418548584,-3.71182918548584,3.0
-0.7967723608016968,-1.1405223608016968,-1.8280223608016968,-3.4842724800109863,-5.351459980010986,2.0
-0.9936946630477905,-0.8686946630477905,-1.8218196630477905,-3.74369478225708,-5.82963228225708,2.6666666666666665
-0.9866610765457153,-1.5960360765457153,-1.4866610765457153,-2.142910957336426,-2.971035957336426,4.333333333333333
-1.5857995748519897,-2.4295496940612793,-1.4139245748519897,-1.1795495748519897,-2.1014246940612793,4.666666666666667
-0.8389842510223389,-0.9327342510223389,-2.042109251022339,-3.885859251022339,-5.690546989440918,2.3333333333333335
-1.3517495393753052,-1.4142495393753052,-1.1329995393753052,-2.1173744201660156,-3.8829994201660156,1.3333333333333333
-1.8541531562805176,-2.8072781562805176,-1.3854031562805176,-1.0260281562805176,-1.9635281562805176,4.333333333333333
-1.0979881286621094,-2.0823631286621094,-1.4729881286621094,-1.5979881286621094,-2.7229881286621094,4.333333333333333
-0.7169851660728455,-1.2482352256774902,-1.9044852256774902,-3.3107352256774902,-4.79511022567749,2.0
-1.8022246360778809,-2.520974636077881,-1.2084746360778809,-1.0522246360778809,-2.661599636077881,4.666666666666667
-0.5518458485603333,-1.1455957889556885,-2.5987207889556885,-4.692471027374268,-6.622158527374268,2.0
-1.288895606994629,-1.882645606994629,-1.242020606994629,-1.648270606994629,-3.023270606994629,4.0
-1.2991583347320557,-1.9554083347320557,-1.1741583347320557,-1.6272833347320557,-3.4866583347320557,4.0
-1.5857594013214111,-2.398259401321411,-1.2107594013214111,-1.1013844013214111,-3.320134401321411,3.3333333333333335
-1.7812546491622925,-2.734379768371582,-1.5156296491622925,-0.9843796491622925,-1.9375046491622925,4.0
-1.7751307487487793,-2.4626307487487793,-1.2751307487487793,-1.0876307487487793,-2.3688807487487793,4.0
-1.5541311502456665,-1.7260061502456665,-1.0853811502456665,-1.5853811502456665,-3.507256031036377,4.0
-1.0996673107147217,-1.0371673107147217,-1.4746673107147217,-3.0996673107147217,-4.974667549133301,2.3333333333333335
-1.5041612386703491,-1.6604112386703491,-1.1135362386703491,-1.6604112386703491,-3.3635363578796387,4.333333333333333
-2.251831293106079,-4.329956531524658,-2.017456293106079,-0.5955813527107239,-1.798706293106079,4.0
-0.6951350569725037,-1.1013851165771484,-2.1013851165771484,-3.8513851165771484,-5.242010116577148,2.3333333333333335
-1.2773762941360474,-1.9492512941360474,-1.3242512941360474,-1.5117512941360474,-3.121126174926758,3.6666666666666665
-0.7436493635177612,-0.9623993635177612,-2.212399482727051,-4.462399482727051,-6.118649482727051,1.3333333333333333
-0.9844434261322021,-1.1406934261322021,-1.5156934261322021,-3.031318426132202,-4.640693664550781,2.0
-1.3657668828964233,-2.162642002105713,-1.2407668828964233,-1.3970168828964233,-2.865767002105713,3.6666666666666665
-1.212666392326355,-1.243916392326355,-1.243916392326355,-2.5407915115356445,-4.4626665115356445,2.0
-0.8726303577423096,-1.1226303577423096,-1.7163803577423096,-3.2163803577423096,-4.5601301193237305,2.6666666666666665
-1.4320677518844604,-1.3851927518844604,-1.1351927518844604,-2.04144287109375,-3.86956787109375,3.3333333333333335
-1.0337620973587036,-1.9400120973587036,-1.4712620973587036,-1.7056370973587036,-2.971261978149414,2.3333333333333335
-1.3957765102386475,-2.0364015102386475,-1.1301515102386475,-1.4895265102386475,-3.8020265102386475,2.6666666666666665
-1.442918300628662,-2.021043300628662,-1.255418300628662,-1.427293300628662,-2.677293300628662,4.333333333333333
-1.727023959159851,-2.6020240783691406,-1.383273959159851,-1.023898959159851,-2.2426490783691406,4.0
-2.1949872970581055,-3.1168622970581055,-1.4293622970581055,-0.8199873566627502,-1.9918622970581055,4.333333333333333
-1.7570220232009888,-2.382021903991699,-1.2882720232009888,-1.1945220232009888,-2.132021903991699,4.333333333333333
-0.9920096397399902,-1.3201346397399902,-1.4451346397399902,-2.5701346397399902,-4.11700963973999,2.6666666666666665
-1.5508782863616943,-2.0508782863616943,-1.0040032863616943,-1.4883782863616943,-3.5821282863616943,2.3333333333333335
-1.118711233139038,-1.321836233139038,-1.368711233139038,-2.337461233139038,-4.056211471557617,4.333333333333333
-1.1531245708465576,-1.3249995708465576,-1.2937495708465576,-2.3249995708465576,-4.184374809265137,3.0
-0.8258668780326843,-1.044616937637329,-1.919616937637329,-3.716491937637329,-5.58367919921875,2.6666666666666665
-1.719648838043213,-2.563398838043213,-1.360273838043213,-1.047773838043213,-2.250898838043213,3.3333333333333335
-0.8894427418708801,-1.1394426822662354,-1.7331926822662354,-3.1238176822662354,-3.9206926822662354,4.666666666666667
-1.1967862844467163,-1.2436612844467163,-1.2905362844467163,-2.399911403656006,-3.993661403656006,4.0
-2.224400043487549,-4.083775043487549,-1.8806501626968384,-0.6931501626968384,-1.6462751626968384,5.0
-0.9204015731811523,-0.9047765731811523,-1.8735265731811523,-3.9672765731811523,-6.193839073181152,2.3333333333333335
-0.8986995220184326,-0.8518245220184326,-2.0080745220184326,-4.336199760437012,-6.515887260437012,1.6666666666666667
-1.133359432220459,-1.664609432220459,-1.305234432220459,-1.930234432220459,-3.555234432220459,3.3333333333333335
-1.234745979309082,-1.609745979309082,-1.219120979309082,-1.937870979309082,-3.375370979309082,3.6666666666666665
-1.70195472240448,-2.7957048416137695,-1.56132972240448,-1.03007972240448,-1.85820472240448,4.333333333333333
-1.0707422494888306,-1.2426172494888306,-1.3988672494888306,-2.601992130279541,-4.445742130279541,2.6666666666666665
-2.2010183334350586,-3.6853933334350586,-1.7947684526443481,-0.7791434526443481,-1.5760184526443481,5.0
-1.0535733699798584,-0.9754483699798584,-1.5848233699798584,-3.2723233699798584,-5.4598236083984375,2.6666666666666665
-1.2844109535217285,-2.0344109535217285,-1.4406609535217285,-1.4250359535217285,-2.5500359535217285,4.666666666666667
-1.5798739194869995,-2.704874038696289,-1.5486239194869995,-1.0798739194869995,-1.9548739194869995,4.666666666666667
-0.9483414888381958,-0.9483414888381958,-1.7452164888381958,-3.8389663696289062,-5.534278869628906,3.3333333333333335
-0.8765889406204224,-1.2203389406204224,-1.6265889406204224,-3.017213821411133,-5.017213821411133,1.6666666666666667
-0.61925208568573,-1.19737708568573,-2.2911272048950195,-3.8223772048950195,-5.7833147048950195,2.0
-0.16031062602996826,-2.285310745239258,-3.941560745239258,-5.558748245239258,-6.707185745239258,1.0
-1.197724461555481,-1.510224461555481,-1.260224461555481,-1.994599461555481,-3.4633493423461914,3.6666666666666665
-1.7921141386032104,-2.1202392578125,-1.1202391386032104,-1.2452391386032104,-2.6983642578125,5.0
-0.7761131525039673,-1.2136131525039673,-1.8073631525039673,-3.2448630332946777,-4.541738033294678,3.6666666666666665
-2.314143657684326,-3.782893657684326,-1.8610187768936157,-0.7203937768936157,-1.5641437768936157,5.0
-2.180607318878174,-3.821232318878174,-1.7431073188781738,-0.649357259273529,-1.9931073188781738,4.333333333333333
-1.6346932649612427,-2.119068145751953,-1.3378182649612427,-1.1659432649612427,-2.572193145751953,3.6666666666666665
-1.892669677734375,-2.595794677734375,-1.330169677734375,-0.970794677734375,-2.392669677734375,5.0
-0.6536540389060974,-1.1224040985107422,-2.216154098510742,-3.872404098510742,-5.200529098510742,5.0
-1.2858340740203857,-1.3327090740203857,-1.1764590740203857,-2.3639590740203857,-3.4420840740203857,3.6666666666666665
-2.02852463722229,-1.90352463722229,-0.9347746968269348,-1.37227463722229,-3.01289963722229,4.0
-1.135758399963379,-1.042008399963379,-1.479508399963379,-3.026383399963379,-5.268570899963379,3.6666666666666665
-1.182032823562622,-1.400782823562622,-1.275782823562622,-2.166407823562622,-3.838282823562622,2.6666666666666665
-1.6351823806762695,-2.1664323806762695,-1.1820573806762695,-1.1976823806762695,-3.0570573806762695,4.333333333333333
-1.2054059505462646,-1.2835309505462646,-1.2366559505462646,-2.4554059505462646,-4.017906188964844,2.3333333333333335
-1.199476718902588,-1.886976718902588,-1.261976718902588,-1.746351718902588,-3.136976718902588,2.6666666666666665
-1.6322684288024902,-2.3353934288024902,-1.2885184288024902,-1.2885184288024902,-2.0541434288024902,4.333333333333333
-0.8642849326133728,-1.0517849922180176,-1.7705349922180176,-3.5361599922180176,-5.036159992218018,2.6666666666666665
-1.2900433540344238,-2.118168354034424,-1.3056683540344238,-1.4306683540344238,-2.977543354034424,4.0
-1.290234923362732,-1.290234923362732,-1.180859923362732,-2.3371100425720215,-3.9933600425720215,4.333333333333333
-1.6169774532318115,-2.4919774532318115,-1.4294774532318115,-1.1482274532318115,-2.0388524532318115,4.0
-1.0224553346633911,-1.1474553346633911,-1.5068303346633911,-2.9130802154541016,-4.053705215454102,1.6666666666666667
-1.887444257736206,-2.543694257736206,-1.168694257736206,-0.9968193173408508,-2.824944257736206,4.333333333333333
-0.8508226275444031,-1.1320726871490479,-1.7570726871490479,-3.335197687149048,-5.436759948730469,2.0
-1.2389944791793823,-1.2077444791793823,-1.2546194791793823,-2.363994598388672,-4.535869598388672,4.0
-0.8515129089355469,-1.1640129089355469,-1.7265129089355469,-3.164012908935547,-4.695262908935547,2.6666666666666665
-0.7661034464836121,-1.1567285060882568,-1.8598535060882568,-3.469228506088257,-5.336415767669678,2.3333333333333335
-2.052321672439575,-3.052321672439575,-1.2554466724395752,-0.8179466128349304,-2.817946672439575,3.0
-0.6959172487258911,-0.9771672487258911,-2.3677921295166016,-4.539667129516602,-6.328729629516602,1.3333333333333333
-0.6853139400482178,-1.0759389400482178,-2.2009389400482178,-3.9978139400482178,-6.005626678466797,2.3333333333333335
-1.3861234188079834,-1.3392484188079834,-1.0892484188079834,-2.2923734188079834,-4.0579986572265625,1.6666666666666667
-1.5983121395111084,-2.1139371395111084,-1.2545621395111084,-1.2389371395111084,-2.5983121395111084,4.333333333333333
-0.7142549753189087,-1.2923799753189087,-1.8548799753189087,-3.308004856109619,-4.714254856109619,3.3333333333333335
-0.9393019676208496,-1.2674269676208496,-1.5174269676208496,-2.7361769676208496,-4.53305196762085,4.666666666666667
-1.4289618730545044,-2.085211753845215,-1.1945868730545044,-1.4133368730545044,-3.085211753845215,4.333333333333333
-1.770195722579956,-2.848320722579956,-1.379570722579956,-0.9264457821846008,-2.363945722579956,4.333333333333333
-0.670707106590271,-1.045707106590271,-2.3894572257995605,-4.3894572257995605,-6.2800822257995605,1.0
-0.9772090911865234,-1.4459590911865234,-1.4459590911865234,-2.4615840911865234,-3.5553340911865234,3.0
-0.8167030811309814,-1.1917030811309814,-1.7385780811309814,-3.1760780811309814,-4.847952842712402,4.0
-1.2240707874298096,-1.4428207874298096,-1.1928207874298096,-2.1771957874298096,-4.0834455490112305,1.6666666666666667
-0.511647641658783,-1.4647727012634277,-2.2460227012634277,-3.6991477012634277,-4.089772701263428,4.333333333333333
-1.5053436756134033,-2.0209686756134033,-1.2553436756134033,-1.2865936756134033,-3.1147186756134033,4.0
-1.1873174905776978,-1.2341924905776978,-1.3279424905776978,-2.343567371368408,-4.218567371368408,3.0
-1.244667887687683,-1.119667887687683,-1.291542887687683,-2.7759180068969727,-4.830605506896973,4.666666666666667
-1.099729299545288,-1.584104299545288,-1.349729299545288,-2.037229299545288,-3.224729299545288,5.0
-0.825296938419342,-0.903421938419342,-2.1221718788146973,-4.247171878814697,-6.051859378814697,2.0
-1.297642707824707,-2.063267707824707,-1.375767707824707,-1.453892707824707,-2.563267707824707,4.0
-1.5000755786895752,-1.9844505786895752,-1.2813255786895752,-1.3594505786895752,-2.578200578689575,4.666666666666667
-0.8843556642532349,-1.0093556642532349,-1.7749806642532349,-3.6187305450439453,-5.407793045043945,2.0
-0.5600871443748474,-1.1850872039794922,-2.513212203979492,-4.513212203979492,-6.458524703979492,1.6666666666666667
-1.1557416915893555,-1.6713666915893555,-1.2807416915893555,-1.9369916915893555,-3.1401166915893555,2.6666666666666665
-1.3310232162475586,-1.9716482162475586,-1.4247732162475586,-1.3466482162475586,-2.7528982162475586,4.0
-0.8382222652435303,-1.2444722652435303,-1.6819722652435303,-3.0725972652435303,-4.353847503662109,3.0
-1.098930835723877,-1.583305835723877,-1.380180835723877,-2.036430835723877,-3.661430835723877,4.666666666666667
-0.934128999710083,-1.356003999710083,-1.574753999710083,-2.340378999710083,-4.152878761291504,3.3333333333333335
-0.8719621896743774,-1.0282121896743774,-1.8094621896743774,-3.450087070465088,-5.520399570465088,3.3333333333333335
-0.8917617797851562,-0.9855117797851562,-1.8448867797851562,-3.6105117797851562,-5.587074279785156,2.3333333333333335
-1.0388635396957397,-1.4763635396957397,-1.3982385396957397,-2.1951136589050293,-3.7107386589050293,3.3333333333333335
-2.1579818725585938,-2.9548568725585938,-1.3923568725585938,-0.9079819321632385,-1.8767318725585938,5.0
-1.5381615161895752,-1.8350365161895752,-1.1162865161895752,-1.5381615161895752,-3.069411516189575,3.6666666666666665
-1.183013916015625,-2.136138916015625,-1.542388916015625,-1.558013916015625,-2.104888916015625,4.0
-1.295870065689087,-1.436495065689087,-1.170870065689087,-2.045870065689087,-3.702120065689087,3.6666666666666665
-1.1514638662338257,-1.5577138662338257,-1.3702138662338257,-2.0108389854431152,-3.3389639854431152,5.0
-0.9258745908737183,-1.2696245908737183,-1.5196245908737183,-2.816499710083008,-4.644624710083008,3.0
-1.619765281677246,-2.854140281677246,-1.479140281677246,-1.026015281677246,-2.088515281677246,4.333333333333333
-1.1952813863754272,-1.3515313863754272,-1.3359063863754272,-2.148406505584717,-3.835906505584717,4.0
-1.3045480251312256,-1.8357980251312256,-1.3982980251312256,-1.6170480251312256,-2.3514230251312256,2.6666666666666665
-0.8492765426635742,-1.1149015426635742,-1.7555265426635742,-3.443026542663574,-4.880526542663574,2.6666666666666665
-1.1265184879302979,-1.4546434879302979,-1.3608934879302979,-2.110893487930298,-3.392143487930298,4.666666666666667
-1.1117526292800903,-1.0648776292800903,-1.4086276292800903,-3.111752510070801,-4.658627510070801,4.333333333333333
-1.0225441455841064,-1.3350441455841064,-1.4912941455841064,-2.3350441455841064,-3.7569191455841064,2.6666666666666665
-1.208266019821167,-1.145766019821167,-1.302016019821167,-2.708266019821167,-4.739516258239746,2.3333333333333335
-1.5060999393463135,-1.0373499393463135,-1.1310999393463135,-2.7092249393463135,-5.138912200927734,2.0
-1.0417439937591553,-1.6979939937591553,-1.4167439937591553,-1.9479939937591553,-3.3542439937591553,2.0
-1.1980276107788086,-1.3074026107788086,-1.3074026107788086,-2.3855276107788086,-4.182402610778809,2.0
-1.541589617729187,-2.3384647369384766,-1.322839617729187,-1.182214617729187,-2.4634647369384766,4.666666666666667
-1.0924452543258667,-1.1549452543258667,-1.4361952543258667,-2.6080703735351562,-4.467445373535156,3.0
-1.356389045715332,-1.793889045715332,-1.293889045715332,-1.559514045715332,-3.043889045715332,5.0
-1.0490059852600098,-1.4865059852600098,-1.4396309852600098,-2.2365059852600098,-3.4240059852600098,4.0
-1.1389473676681519,-1.3733223676681519,-1.3264473676681519,-2.2483224868774414,-3.7951974868774414,1.6666666666666667
-0.5543965697288513,-1.195021629333496,-2.523146629333496,-4.491896629333496,-6.507521629333496,2.0
-0.8433566093444824,-1.0777316093444824,-1.7964816093444824,-3.7027316093444824,-5.741794109344482,1.6666666666666667
-1.753971815109253,-2.457096815109253,-1.253971815109253,-1.082096815109253,-2.441471815109253,4.333333333333333
-1.0806777477264404,-1.2213027477264404,-1.3775527477264404,-2.5963027477264404,-4.0650529861450195,5.0
-1.1595723628997803,-1.3158223628997803,-1.3470723628997803,-2.2220723628997803,-3.9408223628997803,3.0
-1.6161693334579468,-1.3036693334579468,-1.0067943334579468,-2.1317944526672363,-4.100544452667236,4.0
-1.1303472518920898,-1.0209722518920898,-1.4115972518920898,-3.13034725189209,-4.81784725189209,4.333333333333333
-1.8296973705291748,-2.439072370529175,-1.1265723705291748,-1.0953223705291748,-2.829697370529175,5.0
-0.5391931533813477,-1.4766931533813477,-2.2110681533813477,-3.3673181533813477,-3.9298181533813477,4.666666666666667
-2.0028207302093506,-3.5809457302093506,-1.5965707302093506,-0.6903207898139954,-2.2684457302093506,4.333333333333333
-0.8213815093040466,-1.3057565689086914,-1.6338815689086914,-2.9776315689086914,-4.540131568908691,3.3333333333333335
-1.1476327180862427,-1.3507577180862427,-1.2882577180862427,-2.335132598876953,-4.366382598876953,2.3333333333333335
-1.5605217218399048,-1.6230217218399048,-1.0448967218399048,-1.7011467218399048,-3.6386466026306152,5.0
-1.047741174697876,-1.250866174697876,-1.453991174697876,-2.641491174697876,-3.860241174697876,3.3333333333333335
-1.2119611501693726,-1.6650861501693726,-1.2119611501693726,-1.8994611501693726,-3.321336269378662,3.6666666666666665
-1.213714361190796,-0.9793393611907959,-1.354339361190796,-3.182464361190796,-5.424652099609375,2.6666666666666665
-1.4839590787887573,-2.530834197998047,-1.4839590787887573,-1.1870840787887573,-2.077709197998047,5.0
-1.922243595123291,-3.094118595123291,-1.469118595123291,-0.844118595123291,-2.140993595123291,5.0
-1.3792393207550049,-2.551114320755005,-1.4729893207550049,-1.2073643207550049,-2.269864320755005,3.6666666666666665
-1.1310571432113647,-0.9591821432113647,-1.4748071432113647,-3.3654322624206543,-5.318557262420654,3.6666666666666665
-1.041050910949707,-0.9785508513450623,-1.572300910949707,-3.337925910949707,-5.056675910949707,4.333333333333333
-1.0131479501724243,-1.0443979501724243,-1.5756479501724243,-3.2943978309631348,-5.302210330963135,2.0
-0.745013952255249,-0.979388952255249,-2.260638952255249,-4.088764190673828,-5.916889190673828,2.0
-1.681551218032837,-2.494051218032837,-1.415926218032837,-0.9784262776374817,-2.540926218032837,4.333333333333333
-1.4871611595153809,-1.4090361595153809,-1.0496611595153809,-2.034036159515381,-4.080911159515381,3.3333333333333335
-0.4549289345741272,-1.3768038749694824,-2.5486788749694824,-4.345553874969482,-5.720553874969482,1.6666666666666667
-0.2423245906829834,-2.0391995906829834,-3.0391995906829834,-4.3673248291015625,-5.2735748291015625,4.666666666666667
-1.9134242534637451,-2.663424253463745,-1.3509242534637451,-0.9290491938591003,-2.319674253463745,3.6666666666666665
-0.9194675087928772,-1.0444674491882324,-1.7007174491882324,-3.3569674491882324,-4.731967449188232,2.3333333333333335
-1.4680486917495728,-1.6242986917495728,-1.1242986917495728,-1.7805486917495728,-3.218048572540283,3.0
-1.2653710842132568,-1.4059960842132568,-1.3122460842132568,-2.109121084213257,-2.984121084213257,4.333333333333333
-1.0485875606536865,-1.0017125606536865,-1.5485875606536865,-3.4392125606536865,-5.509525299072266,2.3333333333333335
-0.7943877577781677,-1.1537628173828125,-1.8568878173828125,-3.4506378173828125,-5.3256378173828125,2.3333333333333335
-1.1512556076049805,-1.1981306076049805,-1.3231306076049805,-2.6668806076049805,-4.8075056076049805,2.3333333333333335
-0.417649507522583,-1.386399507522583,-2.823899507522583,-4.792649269104004,-6.480149269104004,1.3333333333333333
-0.3511829972267151,-1.5543079376220703,-3.0074329376220703,-4.83555793762207,-5.99180793762207,1.6666666666666667
-1.555907130241394,-2.7434072494506836,-1.446532130241394,-0.977782130241394,-2.5871572494506836,4.333333333333333
-1.0322908163070679,-1.5791658163070679,-1.3760408163070679,-2.1729159355163574,-3.7197909355163574,1.6666666666666667
-1.6179687976837158,-2.305468797683716,-1.3210937976837158,-1.1960937976837158,-2.383593797683716,4.333333333333333
-1.245976209640503,-1.464726209640503,-1.214726209640503,-2.199101209640503,-3.402226209640503,3.0
-1.3724299669265747,-2.013054847717285,-1.3724299669265747,-1.4036799669265747,-2.513054847717285,4.0
-1.2855626344680786,-1.3949376344680786,-1.1761876344680786,-2.191812515258789,-3.785562515258789,4.0
-0.687076210975647,-1.108951210975647,-2.1402010917663574,-3.9214510917663574,-5.569888591766357,2.6666666666666665
-0.2788565158843994,-2.0913565158843994,-2.7944815158843994,-4.09135627746582,-3.5757315158843994,4.666666666666667
-0.6498952507972717,-0.9780202507972717,-2.571770191192627,-5.040520191192627,-6.618645191192627,1.6666666666666667
-0.6159385442733765,-1.0846885442733765,-2.444063663482666,-4.537813663482666,-6.256563663482666,3.3333333333333335
-0.6654032468795776,-1.0872782468795776,-2.212278366088867,-4.165403366088867,-5.962278366088867,2.0
-1.3477271795272827,-1.9571021795272827,-1.3946021795272827,-1.3477271795272827,-2.8321022987365723,4.0
-0.8427931070327759,-0.8896681070327759,-2.1865429878234863,-4.061542987823486,-6.030292987823486,2.0
-0.3529438078403473,-1.884193778038025,-2.5404438972473145,-3.8060688972473145,-3.8060688972473145,4.333333333333333
-1.2876489162445068,-2.162648916244507,-1.6470239162445068,-1.6157739162445068,-1.6626489162445068,4.666666666666667
-1.379852294921875,-1.301727294921875,-1.098602294921875,-2.426727294921875,-4.692352294921875,4.0
-1.3013051748275757,-1.4263051748275757,-1.2231801748275757,-1.9731801748275757,-3.6606802940368652,3.6666666666666665
-1.5538891553878784,-2.350764274597168,-1.4132641553878784,-1.1632641553878784,-2.382014274597168,4.333333333333333
-1.4556257724761963,-2.2368757724761963,-1.3306257724761963,-1.2837507724761963,-2.5181257724761963,4.666666666666667
-1.4931118488311768,-1.7431118488311768,-1.1806118488311768,-1.5556118488311768,-2.9931118488311768,4.666666666666667
-1.846990704536438,-1.909490704536438,-1.065740704536438,-1.362615704536438,-2.7219905853271484,4.0
-0.7946692109107971,-1.1384191513061523,-1.8727941513061523,-3.3727941513061523,-5.154044151306152,2.3333333333333335
-1.7574353218078613,-1.3824353218078613,-0.9293102622032166,-1.9918103218078613,-3.9136853218078613,4.0
-1.7593954801559448,-2.5718955993652344,-1.3062704801559448,-1.1031454801559448,-2.1968955993652344,4.0
-1.8104660511016846,-2.8104660511016846,-1.5292160511016846,-0.9510909914970398,-1.9198410511016846,4.333333333333333
-0.7141430377960205,-1.2453930377960205,-1.8547680377960205,-3.3391430377960205,-4.792267799377441,3.3333333333333335
-0.8882501125335693,-1.0132501125335693,-1.7788751125335693,-3.7320001125335693,-5.599187850952148,3.3333333333333335
-1.0442709922790527,-1.3098959922790527,-1.3880209922790527,-2.5286459922790527,-4.669270992279053,2.6666666666666665
-1.1959302425384521,-1.8053052425384521,-1.3834302425384521,-1.6646802425384521,-2.774055242538452,2.3333333333333335
-0.9831629991531372,-1.0925379991531372,-1.5925379991531372,-3.1237878799438477,-4.998787879943848,1.6666666666666667
-2.124598503112793,-2.671473503112793,-1.202723503112793,-0.921473503112793,-2.562098503112793,4.333333333333333
-0.9540126323699951,-1.3133876323699951,-1.5165126323699951,-2.672762632369995,-4.344637870788574,2.3333333333333335
-1.5282530784606934,-2.0282530784606934,-1.2157530784606934,-1.3720030784606934,-2.6845030784606934,5.0
-0.8663886189460754,-1.2882635593414307,-1.6163885593414307,-2.8351385593414307,-4.38201379776001,2.3333333333333335
-1.1834132671356201,-1.1365382671356201,-1.2771632671356201,-2.87091326713562,-5.191226005554199,3.3333333333333335
-0.705223798751831,-1.064598798751831,-2.252098798751831,-4.00209903717041,-5.88491153717041,1.6666666666666667
-1.2573013305664062,-2.1323013305664062,-1.3666763305664062,-1.4604263305664062,-2.6323013305664062,3.3333333333333335
-1.2408760786056519,-1.5533760786056519,-1.1940010786056519,-1.9283760786056519,-4.069001197814941,2.3333333333333335
-1.268308401107788,-1.315183401107788,-1.221433401107788,-2.330808401107788,-4.143308639526367,3.0
-1.0500081777572632,-1.2375081777572632,-1.4562581777572632,-2.6281332969665527,-3.9718832969665527,3.3333333333333335
-1.6315665245056152,-2.2565665245056152,-1.2096915245056152,-1.1628165245056152,-2.9753165245056152,4.333333333333333
-1.610669493675232,-2.5794196128845215,-1.501294493675232,-1.079419493675232,-2.0325446128845215,4.333333333333333
-1.210431694984436,-1.257306694984436,-1.272931694984436,-2.3979315757751465,-4.6010565757751465,3.3333333333333335
-0.76474529504776,-1.0928702354431152,-1.9834952354431152,-3.5147452354431152,-5.178807735443115,3.0
-0.6986397504806519,-1.0736397504806519,-2.2142648696899414,-3.9798898696899414,-5.979889869689941,1.6666666666666667
-0.930407702922821,-0.961657702922821,-1.8054077625274658,-3.508532762527466,-5.696032524108887,1.6666666666666667
-1.6478488445281982,-2.1009738445281982,-1.1947238445281982,-1.2259738445281982,-2.9759738445281982,2.0
-1.7910208702087402,-2.9316458702087402,-1.4628958702087402,-0.9160208106040955,-2.1347708702087402,4.333333333333333
-1.4987385272979736,-1.4831135272979736,-1.0612385272979736,-1.9674885272979736,-3.6549885272979736,3.6666666666666665
-1.2864420413970947,-1.3645670413970947,-1.2083170413970947,-2.1301920413970947,-4.177066802978516,2.3333333333333335
-0.428447961807251,-1.365947961807251,-2.834697961807251,-4.522197723388672,-6.006572723388672,2.0
-0.9341311454772949,-1.231006145477295,-1.559131145477295,-2.731006145477295,-4.246631145477295,2.3333333333333335
-0.6452797055244446,-1.3327796459197998,-1.9734046459197998,-3.3796546459198,-4.879654884338379,4.0
-1.5540521144866943,-2.1946771144866943,-1.2728021144866943,-1.3821771144866943,-2.1321771144866943,5.0
-1.0629204511642456,-1.0629204511642456,-1.4691704511642456,-3.062920570373535,-4.500420570373535,5.0
-2.0333731174468994,-3.3771231174468994,-1.7052481174468994,-0.9083731770515442,-1.5333731174468994,4.333333333333333
-1.0239243507385254,-1.2426743507385254,-1.4457993507385254,-2.6020493507385254,-4.289549350738525,3.6666666666666665
-1.6919856071472168,-2.504485607147217,-1.2857356071472168,-1.1138606071472168,-2.488860607147217,4.666666666666667
-1.0931453704833984,-1.0306453704833984,-1.4681453704833984,-3.1556453704833984,-5.124395370483398,1.6666666666666667
-0.2287633717060089,-1.9631383419036865,-3.2756383419036865,-5.119388580322266,-6.205326080322266,4.666666666666667
-1.5437923669815063,-2.559417247772217,-1.4031673669815063,-1.1062923669815063,-2.262542247772217,4.0
-1.9382755756378174,-2.1882755756378174,-1.0632755756378174,-1.2039005756378174,-2.6726505756378174,4.333333333333333
-0.6590545177459717,-1.1590545177459717,-2.1121795177459717,-3.9246795177459717,-5.643429756164551,2.3333333333333335
-0.39986753463745117,-1.3373675346374512,-3.087367534637451,-5.337367534637451,-7.251430034637451,2.6666666666666665
-1.354723572731018,-2.2297234535217285,-1.448473572731018,-1.323473572731018,-2.3234734535217285,5.0
-0.9680871963500977,-0.9837121963500977,-1.6868371963500977,-3.6399621963500977,-5.014962196350098,3.6666666666666665
-0.19730661809444427,-2.1816816329956055,-3.4004316329956055,-4.7441816329956055,-4.6504316329956055,4.666666666666667
-1.3616931438446045,-1.6116931438446045,-1.1898181438446045,-1.8148181438446045,-3.1273181438446045,4.666666666666667
-2.1114745140075684,-3.2208495140075684,-1.4864745140075684,-0.7520995736122131,-2.2833495140075684,3.6666666666666665
-2.1912612915039062,-3.0975112915039062,-1.3475111722946167,-0.8787611722946167,-1.9568861722946167,4.333333333333333
-0.9235193729400635,-1.1110193729400635,-1.6578943729400635,-3.1422693729400635,-4.642269134521484,2.6666666666666665
-0.8162298202514648,-1.5349798202514648,-1.6287298202514648,-2.409979820251465,-3.675604820251465,3.0
-0.20082907378673553,-2.075829029083252,-3.669579029083252,-4.997704029083252,-5.700829029083252,1.3333333333333333
-1.4626973867416382,-2.1970725059509277,-1.3064473867416382,-1.3220723867416382,-2.5095725059509277,4.333333333333333
-0.46709173917770386,-1.3733417987823486,-2.4983417987823486,-4.1233415603637695,-5.3108415603637695,4.666666666666667
-0.8076151609420776,-1.2919901609420776,-1.7294901609420776,-2.995115280151367,-4.526365280151367,3.3333333333333335
-0.8993407487869263,-1.1180907487869263,-1.6337157487869263,-3.3837156295776367,-5.360278129577637,3.0
-0.6480990648269653,-1.1480990648269653,-2.179348945617676,-3.960598945617676,-5.241848945617676,2.6666666666666665
-1.5071536302566528,-1.9602786302566528,-1.2259036302566528,-1.3352786302566528,-3.0852785110473633,3.3333333333333335
-1.9983340501785278,-2.9827089309692383,-1.5452090501785278,-0.9045840501785278,-1.8108340501785278,4.0
-1.2819554805755615,-1.0475804805755615,-1.2663304805755615,-2.9225804805755615,-4.656955718994141,2.6666666666666665
-0.5964230895042419,-1.2995481491088867,-2.1589231491088867,-3.7839231491088867,-5.424548149108887,2.6666666666666665
-0.6086592078208923,-1.014909267425537,-2.718034267425537,-4.733659267425537,-6.382096767425537,2.0
-1.8251392841339111,-2.856389284133911,-1.4032642841339111,-1.0282642841339111,-1.9501392841339111,5.0
-1.4729397296905518,-1.5979397296905518,-1.0823147296905518,-1.8635647296905518,-3.2073147296905518,3.0
-1.2057139873504639,-1.3932139873504639,-1.2213389873504639,-2.252588987350464,-4.065089225769043,3.6666666666666665
-1.6094619035720825,-2.234461784362793,-1.2188369035720825,-1.1719619035720825,-3.015711784362793,4.333333333333333
-1.9383195638656616,-3.157069683074951,-1.3758195638656616,-0.8445695638656616,-2.360194683074951,5.0
-1.2969369888305664,-1.8594369888305664,-1.2500619888305664,-1.6094369888305664,-3.0313119888305664,2.6666666666666665
-1.8188599348068237,-2.1782350540161133,-1.1626099348068237,-1.1938599348068237,-2.5532350540161133,3.6666666666666665
-1.2558071613311768,-1.3183071613311768,-1.3495571613311768,-2.0683071613311768,-3.8339321613311768,3.6666666666666665
-1.000232458114624,-1.093982458114624,-1.578357458114624,-3.172107458114624,-4.929920196533203,2.6666666666666665
-2.1150007247924805,-2.5056257247924805,-1.1462507247924805,-1.0056257247924805,-2.4275007247924805,3.0
-1.1174054145812988,-1.1330304145812988,-1.3986554145812988,-2.898655414581299,-4.523655414581299,2.3333333333333335
-2.1747708320617676,-3.0653958320617676,-1.3778959512710571,-0.8622709512710571,-1.9872709512710571,4.333333333333333
-1.2913031578063965,-1.4944281578063965,-1.2288031578063965,-1.9319281578063965,-3.3381781578063965,4.0
-0.970864474773407,-1.6114895343780518,-1.4864895343780518,-2.1271145343780518,-3.1896145343780518,4.333333333333333
-1.3297053575515747,-2.173455238342285,-1.4703303575515747,-1.3453303575515747,-2.282830238342285,4.666666666666667
-0.9162940979003906,-1.3069190979003906,-1.5725440979003906,-2.7287940979003906,-3.8694190979003906,2.3333333333333335
-1.013003945350647,-1.309878945350647,-1.419253945350647,-2.5598788261413574,-3.7786288261413574,2.6666666666666665
-0.8546449542045593,-1.260895013809204,-1.698395013809204,-2.792145013809204,-4.620269775390625,2.3333333333333335
-1.6249885559082031,-2.453113555908203,-1.3124885559082031,-1.0937385559082031,-2.531238555908203,4.333333333333333
-0.7328411340713501,-0.8734661340713501,-2.5922160148620605,-4.7953410148620605,-6.6312785148620605,2.0
-1.8539745807647705,-3.3070995807647705,-1.4945995807647705,-0.8070995211601257,-2.4164745807647705,3.6666666666666665
-1.766155481338501,-3.063030481338501,-1.672405481338501,-0.9224055409431458,-1.781780481338501,4.333333333333333
-1.007454752922058,-0.9605797529220581,-1.648079752922058,-3.5387048721313477,-5.476204872131348,2.0
-1.715514898300171,-2.324889898300171,-1.246764898300171,-1.137389898300171,-2.574889898300171,4.666666666666667
-0.8821412324905396,-0.8977662324905396,-1.9758912324905396,-3.88214111328125,-5.70245361328125,1.6666666666666667
-0.9032026529312134,-1.0594526529312134,-1.7469526529312134,-3.371952533721924,-4.950077533721924,2.0
-0.3837466537952423,-1.57124662399292,-2.77437162399292,-4.32124662399292,-5.67280912399292,2.0
-1.8251392841339111,-2.856389284133911,-1.4032642841339111,-1.0282642841339111,-1.9501392841339111,5.0
-0.9453375935554504,-1.1953375339508057,-1.5703375339508057,-2.8515875339508057,-4.789087772369385,3.0
-1.6793080568313599,-2.2261829376220703,-1.1636830568313599,-1.1793080568313599,-2.9293079376220703,2.6666666666666665
-1.133375644683838,-1.117750644683838,-1.352125644683838,-2.914625644683838,-4.711500644683838,3.3333333333333335
-2.1796813011169434,-2.8046813011169434,-1.2421813011169434,-0.8984312415122986,-2.2578063011169434,3.6666666666666665
-1.5603793859481812,-2.4978795051574707,-1.3572543859481812,-1.1697543859481812,-2.2791295051574707,5.0
-1.204707384109497,-1.220332384109497,-1.298457384109497,-2.439082384109497,-4.017207145690918,3.3333333333333335
-0.6770555377006531,-1.2551805973052979,-2.052055597305298,-3.552055597305298,-4.981742858886719,1.6666666666666667
-1.5293123722076416,-1.6230623722076416,-0.9980623722076416,-1.8261873722076416,-3.8886873722076416,2.3333333333333335
-0.41210097074508667,-1.4277260303497314,-2.8339760303497314,-4.755850791931152,-6.177725791931152,1.3333333333333333
-1.5376089811325073,-1.7563589811325073,-1.0844839811325073,-1.6157339811325073,-3.162609100341797,3.0
-1.287645697593689,-1.897020697593689,-1.334520697593689,-1.522020697593689,-2.8970208168029785,2.3333333333333335
-1.5480976104736328,-1.9387226104736328,-1.1262226104736328,-1.3918476104736328,-3.188722610473633,3.3333333333333335
-1.2427781820297241,-1.4146531820297241,-1.1802781820297241,-2.2427783012390137,-4.055278301239014,3.0
-1.6499559879302979,-2.306205987930298,-1.3843309879302979,-1.1187059879302979,-2.415580987930298,4.666666666666667
-0.9058639407157898,-1.2808640003204346,-1.5933640003204346,-2.7027390003204346,-4.0933637619018555,3.0
-1.2680894136428833,-1.2212144136428833,-1.2212144136428833,-2.5024642944335938,-4.580589294433594,2.6666666666666665
-1.0184544324874878,-1.0028294324874878,-1.6434544324874878,-3.3465795516967773,-5.385642051696777,2.6666666666666665
-1.225680947303772,-1.272555947303772,-1.288180947303772,-2.2881808280944824,-4.116305828094482,2.3333333333333335
-1.2535881996154785,-1.7067131996154785,-1.3160881996154785,-1.7848381996154785,-2.7379631996154785,4.666666666666667
-0.6524250507354736,-1.4336750507354736,-1.9336750507354736,-3.1836750507354736,-4.2461748123168945,2.6666666666666665
-1.5665795803070068,-3.566579580307007,-1.6447045803070068,-0.8634545207023621,-2.269704580307007,3.3333333333333335
-1.9546923637390137,-3.2984423637390137,-1.6265673637390137,-0.8296923637390137,-1.8765673637390137,5.0
-0.7527527809143066,-1.5496277809143066,-1.7215027809143066,-2.6590027809143066,-3.8933777809143066,4.333333333333333
-1.954284429550171,-3.188659429550171,-1.407409429550171,-0.8136594295501709,-2.376159429550171,5.0
-0.8252925872802734,-1.6377925872802734,-1.6221675872802734,-2.2784175872802734,-3.5596675872802734,3.3333333333333335
-1.0487613677978516,-1.0175113677978516,-1.5800113677978516,-3.0643863677978516,-4.642511367797852,2.6666666666666665
-0.6383291482925415,-1.2320791482925415,-2.122704029083252,-3.685204029083252,-5.060204029083252,2.3333333333333335
-1.685947060585022,-1.889072060585022,-1.014072060585022,-1.451572060585022,-3.5609469413757324,3.0
-1.4405540227890015,-2.206179141998291,-1.2530540227890015,-1.2686790227890015,-2.956179141998291,3.3333333333333335
-0.7073786854743958,-1.066753625869751,-2.160503625869751,-4.11362886428833,-6.09800386428833,1.6666666666666667
-0.8735655546188354,-1.1548155546188354,-1.7173155546188354,-3.029815673828125,-4.529815673828125,2.0
-1.4798321723937988,-1.6048321723937988,-1.0267071723937988,-1.8860821723937988,-3.807957172393799,1.6666666666666667
-1.9245589971542358,-2.9870591163635254,-1.4089339971542358,-1.0026839971542358,-1.8933089971542358,4.333333333333333
-0.5314199924468994,-1.2032949924468994,-2.6564199924468994,-4.39079475402832,-6.15641975402832,2.3333333333333335
-1.01120924949646,-1.01120924949646,-1.60495924949646,-3.33933424949646,-4.620584487915039,3.3333333333333335
-0.48879367113113403,-1.6762936115264893,-2.2075436115264893,-3.3169186115264893,-3.2700436115264893,4.666666666666667
-0.8841372132301331,-0.8060122132301331,-2.2903871536254883,-4.477887153625488,-6.438824653625488,1.6666666666666667
-1.6065423488616943,-1.3877923488616943,-1.0127923488616943,-1.9502923488616943,-4.215917587280273,1.6666666666666667
-1.6970075368881226,-1.9001325368881226,-0.9626325368881226,-1.5876325368881226,-3.400132656097412,4.333333333333333
-0.5045071244239807,-1.504507064819336,-2.192007064819336,-3.645132064819336,-4.160757064819336,4.666666666666667
-1.4559369087219238,-1.9715619087219238,-1.1434369087219238,-1.5028119087219238,-2.893436908721924,4.333333333333333
-1.8016154766082764,-2.5672404766082764,-1.5047404766082764,-1.0203654766082764,-1.9109904766082764,4.333333333333333
-1.7593954801559448,-2.5718955993652344,-1.3062704801559448,-1.1031454801559448,-2.1968955993652344,4.666666666666667
-2.327744722366333,-3.062119722366333,-1.546494722366333,-0.812119722366333,-1.749619722366333,4.333333333333333
-0.820292592048645,-1.429667592048645,-1.554667592048645,-2.8984174728393555,-5.2343549728393555,3.0
-1.7184549570083618,-2.5309548377990723,-1.3434549570083618,-1.1247049570083618,-2.1403298377990723,5.0
-1.4485926628112793,-1.2298426628112793,-1.0892176628112793,-2.4017176628112793,-4.307967662811279,2.3333333333333335
-0.7387576699256897,-0.9887576699256897,-2.176257610321045,-4.238757610321045,-6.324695110321045,3.3333333333333335
-1.0347466468811035,-0.9097467064857483,-1.7222466468811035,-3.5191216468811035,-5.1363091468811035,2.3333333333333335
-1.358346700668335,-1.327096700668335,-1.108346700668335,-2.295846700668335,-4.436471939086914,1.6666666666666667
-1.1727938652038574,-1.5009188652038574,-1.2977938652038574,-2.0634188652038574,-4.047793865203857,2.6666666666666665
-0.9249020218849182,-1.2999019622802734,-1.5186519622802734,-2.6749019622802734,-4.456151962280273,3.6666666666666665
-1.5708601474761963,-2.3521101474761963,-1.4614851474761963,-1.1802351474761963,-2.1177351474761963,4.333333333333333
-0.5620163679122925,-1.3276413679122925,-2.155766487121582,-3.812016487121582,-4.749516487121582,2.6666666666666665
-1.3321770429611206,-2.08217716217041,-1.3790520429611206,-1.4884270429611206,-2.36342716217041,4.666666666666667
-1.3740200996398926,-1.4833950996398926,-1.1552700996398926,-2.0146450996398926,-3.0771450996398926,3.6666666666666665
-0.7064436674118042,-1.0970686674118042,-2.1283187866210938,-3.7845687866210938,-5.409568786621094,2.3333333333333335
-0.6144052147865295,-1.0831551551818848,-2.3956551551818848,-4.505030155181885,-6.098780155181885,1.3333333333333333
-0.9573978185653687,-1.2073978185653687,-1.5198978185653687,-2.816772937774658,-4.316772937774658,2.6666666666666665
-1.368425726890564,-1.415300726890564,-1.149675726890564,-2.0871758460998535,-3.7746758460998535,4.333333333333333
-0.8327816724777222,-1.1140316724777222,-1.7859066724777222,-3.4734067916870117,-5.207781791687012,3.3333333333333335
-0.5603640079498291,-1.388489007949829,-2.122864007949829,-3.685364007949829,-4.15411376953125,4.0
-1.361567497253418,-1.517817497253418,-1.236567497253418,-1.799067497253418,-3.424067497253418,4.333333333333333
-0.4792863726615906,-1.2449114322662354,-2.7292864322662354,-4.979286193847656,-6.721473693847656,2.6666666666666665
-1.6333014965057373,-2.2583014965057373,-1.2739264965057373,-1.1801764965057373,-2.5239264965057373,4.0
-1.152491569519043,-1.074366569519043,-1.355616569519043,-2.996241569519043,-5.152491569519043,3.0
-1.357893466949463,-1.732893466949463,-1.186018466949463,-1.623518466949463,-3.498518466949463,4.0
-0.9921159744262695,-1.6483659744262695,-1.5077409744262695,-1.9921159744262695,-3.1014909744262695,4.0
-1.662426233291626,-2.037426233291626,-1.131176233291626,-1.303051233291626,-2.974926233291626,3.0
-1.3794987201690674,-1.3013737201690674,-1.1607487201690674,-2.1763737201690674,-3.8638737201690674,3.3333333333333335
-1.0130841732025146,-1.2162091732025146,-1.4505841732025146,-2.7474591732025146,-4.278709411621094,4.333333333333333
-0.7483634352684021,-1.0608634948730469,-2.060863494873047,-3.982738494873047,-5.717113494873047,2.6666666666666665
-0.8286352157592773,-1.1098852157592773,-1.8130102157592773,-3.3598852157592773,-5.078635215759277,2.6666666666666665
-1.2026457786560059,-1.4838957786560059,-1.3120207786560059,-2.030770778656006,-3.374520778656006,3.6666666666666665
-0.8985453844070435,-0.9922953844070435,-1.7891703844070435,-3.851670265197754,-5.187607765197754,3.0
-1.2028181552886963,-2.2028181552886963,-1.4059431552886963,-1.4840681552886963,-2.5309431552886963,4.666666666666667
-1.7226183414459229,-1.8632433414459229,-1.0819933414459229,-1.3944933414459229,-2.972618341445923,4.0
-0.8959312438964844,-1.4115562438964844,-1.6146812438964844,-2.4115562438964844,-3.6146812438964844,3.0
-1.1000791788101196,-1.2250791788101196,-1.3657041788101196,-2.55320405960083,-4.44382905960083,3.0
-0.7702832221984863,-1.1452832221984863,-1.9109082221984863,-3.7859082221984863,-5.731220722198486,1.6666666666666667
-1.3161349296569824,-2.1598849296569824,-1.4880099296569824,-1.3473849296569824,-2.3630099296569824,4.0
-1.1418840885162354,-0.8762590289115906,-1.5793840885162354,-3.6106340885162354,-5.188758850097656,3.6666666666666665
-1.962768316268921,-2.540893316268921,-1.228393316268921,-0.9783933162689209,-2.556518316268921,5.0
-0.9072057604789734,-0.7978307604789734,-2.219705820083618,-4.329080581665039,-6.243143081665039,3.0
-1.184047818183899,-1.434047818183899,-1.246547818183899,-2.2465476989746094,-3.7934226989746094,2.6666666666666665
-0.35422372817993164,-1.4948487281799316,-3.1042237281799316,-5.260473728179932,-6.737036228179932,1.6666666666666667
-1.0394270420074463,-0.8050521016120911,-1.8988020420074463,-4.008177280426025,-6.086302280426025,2.0
-1.5014952421188354,-1.2983702421188354,-1.0483702421188354,-2.204620361328125,-4.720245361328125,1.6666666666666667
-1.5624321699142456,-2.515557289123535,-1.3749321699142456,-1.1093071699142456,-2.421807289123535,4.333333333333333
-0.4309089183807373,-1.5246589183807373,-2.5871589183807373,-4.212159156799316,-5.766846656799316,2.3333333333333335
-1.562952995300293,-2.391077995300293,-1.234827995300293,-1.172327995300293,-2.797327995300293,4.333333333333333
-1.4351290464401245,-2.310129165649414,-1.3570040464401245,-1.2788790464401245,-2.607004165649414,4.333333333333333
-1.222541332244873,-1.425666332244873,-1.222541332244873,-2.175666332244873,-3.941291332244873,1.6666666666666667
-0.2671794891357422,-2.017179489135742,-2.985929489135742,-4.235929489135742,-4.251554489135742,4.666666666666667
-1.5339038372039795,-2.1120288372039795,-1.1901538372039795,-1.3307788372039795,-2.7057788372039795,4.0
-1.2346774339675903,-1.5940524339675903,-1.2190524339675903,-2.015927314758301,-3.437802314758301,3.6666666666666665
-1.7829749584197998,-1.8767249584197998,-0.9548499584197998,-1.4392249584197998,-3.6423499584198,4.0
-1.1345710754394531,-1.4626960754394531,-1.3064460754394531,-2.197071075439453,-3.650196075439453,3.3333333333333335
-0.7995525002479553,-1.6589274406433105,-1.5651774406433105,-2.4089274406433105,-3.8151774406433105,3.0
-1.5790579319000244,-2.1259329319000244,-1.1415579319000244,-1.2978079319000244,-3.0165579319000244,2.6666666666666665
-1.6824476718902588,-2.619947671890259,-1.2761976718902588,-1.0730726718902588,-2.588697671890259,4.333333333333333
-1.2152478694915771,-0.8558728694915771,-1.5277478694915771,-3.465247869491577,-5.832435607910156,3.0
-1.5434458255767822,-2.4028208255767822,-1.3246958255767822,-1.1684458255767822,-2.5278208255767822,3.6666666666666665
-0.989203929901123,-1.239203929901123,-1.504828929901123,-2.754828929901123,-3.957953929901123,3.3333333333333335
-0.8459796905517578,-1.1741046905517578,-1.7053546905517578,-3.205354690551758,-4.986604690551758,3.0
-1.0648672580718994,-0.8617423176765442,-1.7054922580718994,-3.7679922580718994,-5.9398674964904785,2.6666666666666665
-1.0029404163360596,-1.2373154163360596,-1.4716904163360596,-2.7685654163360596,-4.4248151779174805,2.3333333333333335
-1.0452885627746582,-1.9046635627746582,-1.4671635627746582,-1.7952885627746582,-2.795288562774658,3.0
-1.4944852590560913,-2.619485378265381,-1.5882352590560913,-1.1819852590560913,-1.8382352590560913,4.666666666666667
-1.0466997623443604,-1.5779497623443604,-1.3748247623443604,-2.0779497623443604,-3.4373247623443604,4.333333333333333
-1.8640776872634888,-2.504702568054199,-1.1609526872634888,-1.0515776872634888,-2.723452568054199,4.333333333333333
-1.2831876277923584,-1.5331876277923584,-1.1894376277923584,-1.9706876277923584,-3.3456876277923584,4.333333333333333
-0.39197346568107605,-1.4544734954833984,-2.7669734954833984,-4.813848495483398,-6.274785995483398,3.0
-1.0844756364822388,-2.006350517272949,-1.5219756364822388,-1.6313506364822388,-2.568850517272949,3.3333333333333335
-1.4058911800384521,-1.5777661800384521,-1.1715161800384521,-1.8433911800384521,-3.062141180038452,5.0
-1.9958105087280273,-3.0426855087280273,-1.4645605087280273,-0.8395605683326721,-2.0270605087280273,4.0
-1.5769391059875488,-2.358189105987549,-1.2488141059875488,-1.2175641059875488,-2.592564105987549,4.333333333333333
-0.9247972965240479,-1.2372972965240479,-1.6122972965240479,-2.737297296524048,-4.190422058105469,2.6666666666666665
-0.6154962778091431,-1.052996277809143,-2.5217461585998535,-4.7873711585998535,-6.6779961585998535,2.3333333333333335
-1.3832263946533203,-1.1019763946533203,-1.2113513946533203,-2.4769763946533203,-4.13322639465332,2.3333333333333335
-1.4556257724761963,-2.2368757724761963,-1.3306257724761963,-1.2837507724761963,-2.5181257724761963,5.0
-1.2464594841003418,-0.9964594841003418,-1.3402094841003418,-3.043334484100342,-5.473021984100342,2.3333333333333335
-1.2045480012893677,-1.6732980012893677,-1.3295480012893677,-1.7514230012893677,-3.142047882080078,2.6666666666666665
-0.576998770236969,-1.1082487106323242,-2.592623710632324,-4.592623710632324,-6.319186210632324,2.0
-0.9745656251907349,-1.3808156251907349,-1.4901906251907349,-2.3808155059814453,-3.8808155059814453,3.0
-2.005436420440674,-3.177311420440674,-1.6616863012313843,-0.7866863012313843,-1.9273113012313843,4.333333333333333
-1.2437713146209717,-1.6031463146209717,-1.2281463146209717,-2.0250213146209717,-2.9781463146209717,4.333333333333333
-0.7020230889320374,-1.2020230293273926,-1.9988980293273926,-3.7801480293273926,-5.186398029327393,2.3333333333333335
-0.7109832167625427,-0.9609832167625427,-2.4609832763671875,-4.4141082763671875,-5.7578582763671875,3.3333333333333335
-1.5665795803070068,-3.566579580307007,-1.6447045803070068,-0.8634545207023621,-2.269704580307007,3.3333333333333335
-1.2094297409057617,-1.4281797409057617,-1.2250547409057617,-2.1781797409057617,-3.4594297409057617,4.0
-1.2855526208877563,-1.5199276208877563,-1.1605526208877563,-1.9886776208877563,-3.957427501678467,2.6666666666666665
-0.8913559913635254,-0.9226059913635254,-1.9226059913635254,-3.7976059913635254,-5.360105991363525,2.3333333333333335
-1.239952802658081,-1.943077802658081,-1.349327802658081,-1.536827802658081,-2.958702802658081,4.333333333333333
-0.9234629273414612,-1.3922128677368164,-1.6109628677368164,-2.3609628677368164,-3.5484628677368164,2.6666666666666665
-0.6141568422317505,-1.0360318422317505,-2.536031723022461,-4.489156723022461,-6.692281723022461,1.6666666666666667
-1.821317434310913,-2.477567434310913,-1.227567434310913,-1.086942434310913,-2.399442434310913,4.333333333333333
-1.2523164749145508,-1.4241914749145508,-1.2366914749145508,-2.096066474914551,-3.814816474914551,3.0
-1.0328269004821777,-1.3453269004821777,-1.4390769004821777,-2.4390769004821777,-3.6265769004821777,2.6666666666666665
-1.718225359916687,-2.3901004791259766,-1.186975359916687,-1.108850359916687,-2.8588504791259766,3.0
-0.8070652484893799,-1.1195652484893799,-1.8383152484893799,-3.35394024848938,-4.807065010070801,4.333333333333333
-1.8384337425231934,-2.3696837425231934,-1.2915587425231934,-1.0415587425231934,-2.4165587425231934,4.0
-1.04374098777771,-1.49686598777771,-1.34061598777771,-2.26249098777771,-4.121866226196289,2.6666666666666665
-0.8408243656158447,-1.0751993656158447,-1.7783243656158447,-3.5439493656158447,-4.606449127197266,4.333333333333333
-2.0078012943267822,-2.8671762943267822,-1.4140512943267822,-0.9140512943267822,-1.9765512943267822,4.333333333333333
-1.9272830486297607,-2.5835330486297607,-1.3179080486297607,-0.9585331082344055,-2.3335330486297607,4.0
