1,2,3,4,5,consistency
-2.9824366569519043,-4.357436656951904,-2.4668116569519043,-0.8261866569519043,-0.9043116569519043,5.0
-1.2440860271453857,-1.1347110271453857,-1.3222110271453857,-2.4003360271453857,-3.9003360271453857,2.3333333333333335
-1.8983885049819946,-2.460888385772705,-1.4608885049819946,-0.8671385049819946,-2.320263385772705,5.0
-1.1120723485946655,-1.2995723485946655,-1.3620723485946655,-2.268322467803955,-3.815197467803955,2.3333333333333335
-2.5652542114257812,-3.7371292114257812,-2.0808792114257812,-0.7215040922164917,-1.2840040922164917,5.0
-1.9197030067443848,-2.5759530067443848,-1.6072030067443848,-0.9822030067443848,-1.6540780067443848,4.666666666666667
-1.9816018342971802,-2.5128517150878906,-1.3878518342971802,-0.9191018342971802,-2.1847267150878906,5.0
-2.736924648284912,-3.596299648284912,-1.6744245290756226,-0.5806745290756226,-1.9244245290756226,5.0
-1.8448612689971924,-2.0167362689971924,-1.2042362689971924,-1.2042362689971924,-2.3448612689971924,5.0
-2.667539358139038,-3.605039358139038,-1.933164358139038,-0.5894142985343933,-1.636289358139038,5.0
-2.600358724594116,-3.100358724594116,-1.4128587245941162,-0.6316086649894714,-2.365983724594116,5.0
-2.2367167472839355,-2.4398417472839355,-1.221091628074646,-0.814841628074646,-2.8929667472839355,4.666666666666667
-2.612605094909668,-3.534480094909668,-2.190730094909668,-0.7376051545143127,-1.237605094909668,5.0
-0.3789256811141968,-1.8633006811141968,-2.3476758003234863,-3.3789258003234863,-4.191425800323486,1.6666666666666667
-2.693021059036255,-3.786771059036255,-2.193021059036255,-0.7242709994316101,-1.1930210590362549,5.0
-2.0449488162994385,-1.7949488162994385,-1.0136988162994385,-1.2480738162994385,-3.1855738162994385,2.0
-2.3717970848083496,-2.6530470848083496,-1.5124220848083496,-0.8092970252037048,-1.8249220848083496,5.0
-2.574287176132202,-3.339912176132202,-1.7774121761322021,-0.5117872357368469,-2.214912176132202,5.0
-2.521735191345215,-3.959235191345215,-1.9436103105545044,-0.6154853105545044,-1.5998603105545044,5.0
-2.54754638671875,-3.07879638671875,-1.67254638671875,-0.6725464463233948,-1.81317138671875,5.0
-1.7945876121520996,-2.2477126121520996,-1.2945876121520996,-1.0289626121520996,-2.5602126121520996,5.0
-1.4929097890853882,-1.9929097890853882,-1.3835347890853882,-1.2429097890853882,-2.5241599082946777,5.0
-3.1537227630615234,-4.505285263061523,-2.7318477630615234,-0.7630977630615234,-0.9037227630615234,5.0
-2.1766886711120605,-3.4266886711120605,-2.0673136711120605,-0.879813551902771,-1.192313551902771,5.0
-2.7840209007263184,-3.3621459007263184,-1.9090209007263184,-0.7215209007263184,-1.3465209007263184,5.0
-2.024454355239868,-2.633829355239868,-1.3525793552398682,-0.9932042956352234,-1.9150793552398682,5.0
-2.332092523574829,-2.878967523574829,-1.582092523574829,-0.7070925831794739,-1.972717523574829,5.0
-1.990668535232544,-2.006293535232544,-1.068793535232544,-1.131293535232544,-2.990668535232544,5.0
-2.8432021141052246,-3.6244521141052246,-1.8275772333145142,-0.7338272333145142,-1.3432022333145142,5.0
-1.0630905628204346,-1.3599655628204346,-1.3755905628204346,-2.2349655628204346,-3.7505905628204346,1.0
-2.51591420173645,-2.71903920173645,-1.4377892017364502,-0.7346641421318054,-2.06278920173645,5.0
-3.020087480545044,-4.293524742126465,-2.535712480545044,-0.7232124209403992,-1.020087480545044,5.0
-3.0195505619049072,-3.9570505619049072,-2.3320505619049072,-1.0976755619049072,-0.7070505023002625,5.0
-1.8132219314575195,-2.1725969314575195,-1.3132219314575195,-1.0007219314575195,-2.5475969314575195,2.6666666666666665
-1.965509295463562,-2.4655094146728516,-1.434259295463562,-0.903009295463562,-2.1217594146728516,5.0
-2.0377197265625,-3.0533447265625,-2.0533447265625,-1.0220948457717896,-1.1158448457717896,5.0
-2.508295774459839,-2.992670774459839,-1.7426707744598389,-0.8364207744598389,-1.3832957744598389,5.0
-1.739798903465271,-2.6929240226745605,-1.489798903465271,-1.021048903465271,-1.896048903465271,5.0
-2.1763641834259033,-2.6607391834259033,-1.7076141834259033,-0.8794891834259033,-1.5513641834259033,5.0
-2.6739308834075928,-3.3770558834075928,-2.2833058834075928,-0.892680823802948,-0.970805823802948,5.0
-1.9336276054382324,-2.4336276054382324,-1.6055026054382324,-0.8867526054382324,-1.9492526054382324,5.0
-2.8028783798217773,-3.2872533798217773,-1.7560033798217773,-0.6310033202171326,-1.6778783798217773,5.0
-2.300780773162842,-3.550780773162842,-2.253905773162842,-1.0351557731628418,-0.9101558327674866,5.0
-2.6137187480926514,-3.3480937480926514,-1.6449687480926514,-0.7230938076972961,-1.6293437480926514,5.0
-2.7389607429504395,-3.5358357429504395,-2.2545857429504395,-0.848335862159729,-1.020210862159729,5.0
-2.8566653728485107,-3.6222903728485107,-1.9347903728485107,-0.5597904324531555,-1.6535403728485107,4.333333333333333
-2.56434965133667,-3.76747465133667,-1.89247465133667,-0.6424747109413147,-1.56434965133667,5.0
-2.1722612380981445,-3.7660112380981445,-2.2503862380981445,-0.9691363573074341,-1.000386357307434,5.0
-1.700792908668518,-1.810167908668518,-1.200792908668518,-1.247667908668518,-2.9664177894592285,5.0
-2.8860766887664795,-3.8626391887664795,-1.8860766887664795,-0.6204516291618347,-1.5110766887664795,5.0
-1.3579237461090088,-1.3891737461090088,-1.1704237461090088,-1.9047987461090088,-3.732923746109009,1.0
-2.3486640453338623,-2.6455390453338623,-1.3330390453338623,-0.7861639857292175,-2.3017890453338623,5.0
-1.0148382186889648,-1.6867132186889648,-1.3117132186889648,-1.9835882186889648,-3.655463218688965,1.3333333333333333
-2.9947497844696045,-4.713500022888184,-2.9322497844696045,-0.9634997844696045,-0.6978747844696045,5.0
-2.4750468730926514,-3.2875468730926514,-1.7406718730926514,-0.7250468730926514,-1.5844218730926514,5.0
-2.703420639038086,-3.578420639038086,-1.609670639038086,-0.5940455794334412,-1.969045639038086,5.0
-2.4153637886047363,-3.6028637886047363,-2.2122387886047363,-0.9622387886047363,-0.9622387886047363,5.0
-2.5688512325286865,-4.068850994110107,-2.2876012325286865,-0.6626011729240417,-1.2876012325286865,5.0
-2.7667593955993652,-3.4855093955993652,-2.0792593955993652,-0.7667593955993652,-1.1730093955993652,5.0
-1.8478915691375732,-1.8166415691375732,-1.1603915691375732,-1.2385165691375732,-2.7228915691375732,2.3333333333333335
-2.802321195602417,-4.083570957183838,-2.302321195602417,-0.8648211359977722,-0.9429461359977722,5.0
-2.2018179893493652,-3.4205679893493652,-1.9674429893493652,-0.82681804895401,-1.3424429893493652,5.0
-2.9856619834899902,-3.6887869834899902,-1.9387869834899902,-0.6262869834899902,-1.4544119834899902,5.0
-1.758978009223938,-2.1339778900146484,-1.415228009223938,-1.243353009223938,-1.821478009223938,5.0
-1.9239585399627686,-2.0489585399627686,-1.2208335399627686,-1.1114585399627686,-2.4708335399627686,5.0
-2.2990317344665527,-2.9552817344665527,-1.5646567344665527,-0.7209067344665527,-1.9552817344665527,5.0
-2.3386662006378174,-3.1824162006378174,-1.6824162006378174,-0.6824162006378174,-1.8699162006378174,5.0
-2.7498247623443604,-3.4216997623443604,-2.0623247623443604,-0.7341997027397156,-1.2498247623443604,5.0
-1.6812331676483154,-2.5562331676483154,-1.6499831676483154,-1.0093581676483154,-1.8531081676483154,5.0
-2.824577808380127,-3.668327808380127,-2.121452808380127,-0.7777029275894165,-1.1214529275894165,5.0
-2.2364020347595215,-3.1114020347595215,-1.658276915550232,-0.7364019155502319,-1.814526915550232,5.0
-2.493051528930664,-3.086801528930664,-1.539926528930664,-0.6336765885353088,-2.196176528930664,5.0
-2.814316511154175,-3.517441511154175,-1.8299415111541748,-0.5799415707588196,-1.7205665111541748,5.0
-1.6327570676803589,-1.3202570676803589,-1.0390070676803589,-1.9140070676803589,-3.8358821868896484,2.0
-3.029021739959717,-4.450896739959717,-2.607146739959717,-0.8727716207504272,-0.8258966207504272,5.0
-1.8433408737182617,-2.0308408737182617,-1.2808408737182617,-1.1402158737182617,-2.3120908737182617,5.0
-2.598905086517334,-3.192655086517334,-1.6770299673080444,-0.5989049673080444,-1.9895299673080444,5.0
-1.7189044952392578,-2.437654495239258,-1.6720294952392578,-1.0157794952392578,-1.7657794952392578,5.0
-1.5248013734817505,-1.8060513734817505,-1.1654263734817505,-1.3529263734817505,-3.477926254272461,4.0
-1.152538776397705,-1.261913776397705,-1.308788776397705,-2.293163776397705,-4.090038776397705,1.0
-2.563581943511963,-3.532331943511963,-2.032331943511963,-0.6260818243026733,-1.5323318243026733,5.0
-1.3100717067718506,-1.9038217067718506,-1.5600717067718506,-1.4506967067718506,-2.0913217067718506,2.0
-1.8690297603607178,-2.2440297603607178,-1.4159047603607178,-0.9940297603607178,-2.2284047603607178,4.666666666666667
-1.6616120338439941,-2.302237033843994,-1.4741120338439941,-1.0366120338439941,-2.255362033843994,5.0
-1.786787748336792,-2.052412748336792,-1.286787748336792,-1.146162748336792,-2.286787748336792,5.0
-1.6273915767669678,-2.1117665767669678,-1.3305165767669678,-1.1898915767669678,-2.3773915767669678,5.0
-2.543393135070801,-3.074643135070801,-1.6527682542800903,-0.7308932542800903,-1.6527682542800903,5.0
-2.4893012046813965,-3.1455512046813965,-2.0986762046813965,-0.8018012046813965,-1.2236762046813965,5.0
-2.5241780281066895,-3.0554280281066895,-1.508553147315979,-0.821053147315979,-1.633553147315979,5.0
-2.414919376373291,-2.805544376373291,-1.430544376373291,-0.8524193167686462,-1.774294376373291,5.0
-1.6584995985031128,-1.4866245985031128,-1.0491245985031128,-1.7366245985031128,-3.2834997177124023,5.0
-2.474310874938965,-3.161810874938965,-1.6618109941482544,-0.7086859941482544,-1.7399359941482544,5.0
-1.6924434900283813,-1.6611934900283813,-1.2705684900283813,-1.3955684900283813,-2.442443370819092,5.0
-1.7132315635681152,-1.8069815635681152,-1.2601065635681152,-1.1819815635681152,-2.9476065635681152,5.0
-2.2697391510009766,-2.3009891510009766,-1.3166141510009766,-0.8791140913963318,-2.2697391510009766,5.0
-1.47044837474823,-1.32982337474823,-1.25169837474823,-1.76732337474823,-3.3298234939575195,5.0
-1.9880751371383667,-2.5349502563476562,-1.5193251371383667,-0.8943251371383667,-1.9412001371383667,5.0
-2.1930088996887207,-2.8648838996887207,-1.8336337804794312,-0.8492587804794312,-1.4586337804794312,5.0
-2.429271697998047,-3.554271697998047,-2.194896697998047,-1.0073968172073364,-0.9292718172073364,5.0
-1.6859886646270752,-2.076613664627075,-1.3734886646270752,-1.2016136646270752,-2.076613664627075,5.0
-0.6692845225334167,-1.1692845821380615,-2.0911595821380615,-3.5911595821380615,-4.559909343719482,5.0
-3.07812762260437,-4.101564884185791,-2.18750262260437,-0.6406275629997253,-1.2500026226043701,5.0
-1.8270020484924316,-1.9520020484924316,-1.1395020484924316,-1.2332520484924316,-2.6551270484924316,5.0
-2.5777580738067627,-3.9996330738067627,-2.3433830738067627,-0.8590081334114075,-0.9840081334114075,5.0
-1.5890718698501587,-2.245321750640869,-1.4171968698501587,-1.1828218698501587,-2.057821750640869,1.3333333333333333
-2.3847827911376953,-2.9160327911376953,-1.5410327911376953,-0.8222827315330505,-1.6660327911376953,5.0
-1.9206905364990234,-2.7175655364990234,-1.6394405364990234,-0.9050655961036682,-1.7331905364990234,5.0
-1.1576136350631714,-1.2669886350631714,-1.3138636350631714,-2.360738754272461,-3.704488754272461,4.666666666666667
-2.7808470726013184,-4.452722072601318,-2.8277220726013184,-0.9370971322059631,-0.7652221322059631,5.0
-2.596893548965454,-3.956268548965454,-2.065643548965454,-0.5031435489654541,-1.800018548965454,5.0
-2.1114330291748047,-2.6895580291748047,-1.5489331483840942,-0.8301831483840942,-1.8770581483840942,5.0
-2.2247536182403564,-2.5372536182403564,-1.3341286182403564,-0.8341285586357117,-2.2872536182403564,4.666666666666667
-2.2399444580078125,-2.7243194580078125,-1.4274444580078125,-0.7555695176124573,-2.2399444580078125,5.0
-2.8194937705993652,-3.3976187705993652,-1.9601187705993652,-0.6632437705993652,-1.4132437705993652,5.0
-1.7706234455108643,-1.7706234455108643,-1.3799984455108643,-1.2237484455108643,-2.2706234455108643,5.0
-1.3685779571533203,-1.6498279571533203,-1.5248279571533203,-1.7123279571533203,-1.9310779571533203,4.666666666666667
-2.499701499938965,-2.827826499938965,-1.4059516191482544,-0.7340766191482544,-2.109076499938965,5.0
-2.271430015563965,-3.146430015563965,-1.6464301347732544,-0.8026801347732544,-1.6151801347732544,5.0
-1.5059113502502441,-1.4746613502502441,-1.1465363502502441,-1.5996613502502441,-3.990286350250244,1.6666666666666667
-2.3534255027770996,-2.5565505027770996,-1.4628006219863892,-0.8846756219863892,-1.7596756219863892,5.0
-1.5478696823120117,-2.1416196823120117,-1.5634946823120117,-1.2509946823120117,-1.8291196823120117,4.666666666666667
-2.3406128883361816,-2.6843628883361816,-1.7156128883361816,-0.8249878883361816,-1.5593628883361816,5.0
-2.6814160346984863,-3.8689160346984863,-2.2907910346984863,-0.9001661539077759,-0.9314161539077759,5.0
-1.8488733768463135,-3.0988733768463135,-1.6926233768463135,-0.9113733768463135,-1.6769983768463135,5.0
-1.4614906311035156,-1.2427406311035156,-1.1177406311035156,-2.0552406311035156,-4.305240631103516,2.6666666666666665
-2.5170605182647705,-4.126435279846191,-2.5326855182647705,-1.0170605182647705,-0.7983105182647705,5.0
-2.174879312515259,-2.596754312515259,-1.3467543125152588,-0.8467543125152588,-2.206129312515259,5.0
-3.162551164627075,-3.709426164627075,-1.6313011646270752,-0.60005122423172,-1.7406761646270752,5.0
-2.7235207557678223,-3.9422707557678223,-2.2547707557678223,-0.7078958749771118,-1.1922708749771118,5.0
-2.1108977794647217,-3.2358977794647217,-1.9233977794647217,-0.8296478390693665,-1.4077727794647217,5.0
-2.135789394378662,-2.370164394378662,-1.432664394378662,-0.8701643347740173,-2.088914394378662,5.0
-2.0393686294555664,-2.3362436294555664,-1.3518685102462769,-1.0237435102462769,-1.9612435102462769,5.0
-2.453949451446533,-2.938324451446533,-1.6570743322372437,-0.7820743322372437,-1.5945743322372437,5.0
-2.3969240188598633,-3.2875490188598633,-1.8500488996505737,-0.7719238996505737,-1.4281738996505737,5.0
-2.191089630126953,-2.347339630126953,-1.2848396301269531,-0.8629646301269531,-2.519214630126953,5.0
-2.1603832244873047,-2.3791332244873047,-1.1135082244873047,-0.9103832244873047,-3.2072582244873047,5.0
-1.151747703552246,-1.464247703552246,-1.417372703552246,-2.042372703552246,-2.792372703552246,5.0
-2.4664831161499023,-3.6852331161499023,-2.1383581161499023,-0.8571081161499023,-1.0914831161499023,5.0
-2.221820831298828,-2.503070831298828,-1.3936959505081177,-0.8624459505081177,-2.049945831298828,5.0
-0.9597489237785339,-1.3659989833831787,-1.5222489833831787,-2.2253739833831787,-3.7722489833831787,1.6666666666666667
-2.602121353149414,-3.539621353149414,-1.8521212339401245,-0.6333712339401245,-1.6333712339401245,5.0
-1.9409445524215698,-2.1128196716308594,-1.1596945524215698,-1.0659445524215698,-2.7534446716308594,5.0
-3.197575330734253,-4.478825092315674,-2.603825330734253,-0.8694502711296082,-0.8069502711296082,5.0
-3.161001682281494,-4.778189182281494,-2.567251682281494,-0.6297516822814941,-1.1141266822814941,5.0
-1.5468932390213013,-1.9687682390213013,-1.4531432390213013,-1.2187682390213013,-2.2656431198120117,5.0
-2.6341772079467773,-3.1029272079467773,-1.602927327156067,-0.6654273271560669,-1.852927327156067,5.0
-2.51029109954834,-3.36966609954834,-1.8071659803390503,-0.8696659803390503,-1.2446659803390503,5.0
-2.491502285003662,-3.257127285003662,-1.9602524042129517,-0.8508774042129517,-1.2102524042129517,5.0
-2.0026955604553223,-2.4401955604553223,-1.3464455604553223,-0.8933205008506775,-2.3776955604553223,4.666666666666667
-1.7009966373443604,-2.9041216373443604,-1.8103716373443604,-1.0291216373443604,-1.4978716373443604,5.0
-2.011906623840332,-2.152531623840332,-1.199406623840332,-0.9962815642356873,-2.730656623840332,5.0
-1.9265308380126953,-2.4265308380126953,-1.5202808380126953,-0.9421558976173401,-1.9265308380126953,5.0
-2.7277839183807373,-4.227784156799316,-2.1027839183807373,-0.5559089183807373,-1.5715339183807373,5.0
-2.149563789367676,-2.649563789367676,-1.6026887893676758,-0.8058138489723206,-1.8683137893676758,5.0
-1.2575657367706299,-1.7263157367706299,-1.4763157367706299,-1.5700657367706299,-2.42944073677063,4.666666666666667
-2.077692985534668,-3.452692985534668,-1.843317985534668,-0.7808180451393127,-1.562067985534668,5.0
-1.988006353378296,-2.206756353378296,-1.284881353378296,-0.9723813533782959,-2.425506353378296,5.0
-2.5350005626678467,-4.206875801086426,-2.5506255626678467,-0.8318755626678467,-0.9725005626678467,5.0
-2.6589765548706055,-4.7371015548706055,-3.0496015548706055,-1.143351435661316,-0.6121014356613159,5.0
-2.422037124633789,-2.937662124633789,-1.5314120054244995,-0.6720370054244995,-2.125162124633789,5.0
-3.009901762008667,-3.384901762008667,-1.603651762008667,-0.603651762008667,-1.853651762008667,5.0
-2.3369381427764893,-3.2900631427764893,-1.8525631427764893,-0.7900631427764893,-1.4306881427764893,5.0
-2.0817151069641113,-2.9567151069641113,-1.6754651069641113,-0.9879651665687561,-1.3785901069641113,5.0
-2.6022133827209473,-3.8053383827209473,-1.7740882635116577,-0.7272132635116577,-1.4459632635116577,5.0
-2.1566948890686035,-2.7035698890686035,-1.4066948890686035,-0.8285698890686035,-2.1254448890686035,5.0
-1.0399081707000732,-1.6649081707000732,-1.6805331707000732,-1.8836581707000732,-2.2430331707000732,5.0
-2.0403623580932617,-3.1966123580932617,-1.9778623580932617,-0.8841123580932617,-1.3372373580932617,5.0
-2.5529661178588867,-2.8810911178588867,-1.4592159986495972,-0.6779659986495972,-2.1310911178588867,5.0
-3.4340572357177734,-4.754369735717773,-3.2153072357177734,-0.7934321761131287,-0.7778071761131287,5.0
-2.8324828147888184,-4.223107814788818,-2.6293578147888184,-0.8481078743934631,-0.8793578743934631,5.0
-1.7305465936660767,-2.308671474456787,-1.4336715936660767,-1.1680465936660767,-1.8399215936660767,5.0
-2.6785693168640137,-3.4754443168640137,-1.8035694360733032,-0.5223194360733032,-2.0066943168640137,5.0
-2.092377185821533,-2.795502185821533,-1.4205021858215332,-0.920502245426178,-1.8267521858215332,5.0
-1.931672215461731,-2.0097970962524414,-1.353547215461731,-1.056672215461731,-2.2597970962524414,5.0
-1.4721118211746216,-1.0814868211746216,-1.2064868211746216,-2.300236701965332,-3.909611701965332,4.0
-1.7771251201629639,-2.464625120162964,-1.4490001201629639,-1.0115001201629639,-2.042750120162964,5.0
-2.208953619003296,-2.818328619003296,-1.568328619003296,-0.6933286190032959,-2.162078619003296,5.0
-2.453230381011963,-3.953230381011963,-1.921980381011963,-0.6876053810119629,-1.484480381011963,5.0
-2.59547758102417,-3.12672758102417,-1.6423527002334595,-0.6579777002334595,-1.8298527002334595,5.0
-1.4986395835876465,-1.8892645835876465,-1.4517645835876465,-1.3111395835876465,-2.2173895835876465,2.3333333333333335
-2.221741199493408,-2.987366199493408,-1.7373661994934082,-0.7998661994934082,-1.5654911994934082,5.0
-2.434478759765625,-3.028228759765625,-1.653228759765625,-0.762603759765625,-1.621978759765625,5.0
-2.2500016689300537,-2.2812516689300537,-1.1875016689300537,-0.9375016689300537,-2.4843766689300537,5.0
-2.496299982070923,-2.902549982070923,-1.6994249820709229,-0.8244249224662781,-1.4650499820709229,5.0
-2.6584320068359375,-3.6740570068359375,-2.0334320068359375,-0.611556887626648,-1.517806887626648,5.0
-2.3406128883361816,-2.6843628883361816,-1.7156128883361816,-0.8249878883361816,-1.5593628883361816,5.0
-2.1083545684814453,-1.9208545684814453,-0.9364795088768005,-1.2489795684814453,-3.4989795684814453,5.0
-1.8422147035598755,-1.8734647035598755,-1.1078397035598755,-1.2328397035598755,-3.014089584350586,5.0
-2.075988292694092,-2.935363292694092,-1.4041131734848022,-0.9509881734848022,-1.7478631734848022,4.666666666666667
-1.8491179943084717,-1.8178679943084717,-1.0678679943084717,-1.2866179943084717,-3.1303679943084717,1.6666666666666667
-2.1098814010620117,-2.4380064010620117,-1.3755064010620117,-0.8442564010620117,-2.3442564010620117,5.0
-1.2604291439056396,-1.3541791439056396,-1.2760541439056396,-2.0104291439056396,-3.5885541439056396,1.0
-2.1003482341766357,-2.4597232341766357,-1.3659732341766357,-0.912848174571991,-2.0847232341766357,1.6666666666666667
-2.9635536670684814,-4.346365928649902,-2.2760536670684814,-0.5573036074638367,-1.3854286670684814,5.0
-2.910552501678467,-3.691802501678467,-2.488677501678467,-1.0199275016784668,-0.754302442073822,5.0
-2.3071486949920654,-3.4165236949920654,-1.8227736949920654,-0.7602736353874207,-1.5102736949920654,5.0
-2.4424798488616943,-3.4581048488616943,-1.8331048488616943,-0.6768547892570496,-1.6143548488616943,5.0
-2.4153637886047363,-3.6028637886047363,-2.2122387886047363,-0.9622387886047363,-0.9622387886047363,5.0
-2.5780677795410156,-3.3749427795410156,-1.9061927795410156,-0.7186928391456604,-1.4218177795410156,5.0
-2.4153637886047363,-3.6028637886047363,-2.2122387886047363,-0.9622387886047363,-0.9622387886047363,5.0
-2.928426742553711,-3.928426742553711,-2.069051742553711,-0.7096768021583557,-1.209676742553711,5.0
-2.2064342498779297,-2.6595592498779297,-1.1908092498779297,-0.9564342498779297,-2.1751842498779297,5.0
-2.3734333515167236,-3.0609333515167236,-1.7640583515167236,-0.7328083515167236,-1.6078083515167236,5.0
-3.012485980987549,-3.996860980987549,-2.184360980987549,-0.7624858617782593,-1.0749858617782593,5.0
-2.186753034591675,-2.702378034591675,-1.6242530345916748,-0.78050297498703,-1.9055030345916748,4.333333333333333
-1.7654318809509277,-2.1091818809509277,-1.2966818809509277,-1.1560568809509277,-2.2341818809509277,5.0
-2.209737777709961,-2.334737777709961,-1.1316128969192505,-0.9128628969192505,-2.912862777709961,5.0
-1.8283940553665161,-3.4846439361572266,-1.7033940553665161,-0.8908940553665161,-1.6252690553665161,5.0
-2.3407232761383057,-2.7313482761383057,-1.5125982761383057,-0.7938483357429504,-1.8719732761383057,5.0
-2.064486265182495,-2.283236265182495,-1.2832362651824951,-0.9082362651824951,-2.611361265182495,5.0
-2.1243841648101807,-2.5306341648101807,-1.3431341648101807,-0.8275091648101807,-2.3743841648101807,5.0
-2.1263608932495117,-2.7357358932495117,-1.6732360124588013,-0.8138610124588013,-1.7513610124588013,5.0
-2.5358762741088867,-3.3952512741088867,-1.6921262741088867,-0.5827512145042419,-2.0046262741088867,5.0
-1.8924014568328857,-2.2049014568328857,-1.2986514568328857,-0.9861515164375305,-2.5799014568328857,5.0
-2.798090696334839,-3.438715696334839,-1.9543406963348389,-0.7355906963348389,-1.2980906963348389,5.0
-1.9287052154541016,-2.4755802154541016,-1.4599552154541016,-1.0849552154541016,-1.6787052154541016,5.0
-2.772890567779541,-3.601015567779541,-1.882265567779541,-0.6791406273841858,-1.429140567779541,5.0
-2.2544119358062744,-2.9731619358062744,-1.5825369358062744,-0.6762869358062744,-2.1137869358062744,5.0
-1.7977644205093384,-1.7352644205093384,-1.1571394205093384,-1.2821394205093384,-2.954014301300049,1.6666666666666667
-0.9336671233177185,-1.1680421829223633,-1.5586671829223633,-2.7617921829223633,-4.753979682922363,1.6666666666666667
-2.3809471130371094,-3.5371971130371094,-2.1309471130371094,-0.7559470534324646,-1.2715721130371094,5.0
-2.048671007156372,-2.579921007156372,-1.392421007156372,-0.7986710071563721,-2.439296007156372,5.0
-1.536221981048584,-1.458096981048584,-1.161221981048584,-1.614346981048584,-3.645596981048584,2.0
-2.4157774448394775,-3.2595274448394775,-1.9157774448394775,-0.7126524448394775,-1.5095274448394775,5.0
-2.543215274810791,-3.949465274810791,-2.355715274810791,-0.886965274810791,-0.965090274810791,5.0
-1.9620238542556763,-2.2120237350463867,-1.2588988542556763,-1.0245238542556763,-2.3370237350463867,5.0
-1.7707003355026245,-2.255075454711914,-1.4738253355026245,-0.9894503355026245,-2.223825454711914,4.666666666666667
-2.130934476852417,-2.693434476852417,-1.490309476852417,-0.8496845364570618,-1.927809476852417,4.333333333333333
-2.7747397422790527,-3.8841147422790527,-2.0559897422790527,-0.6497396230697632,-1.3528646230697632,5.0
-2.4658374786376953,-3.0595874786376953,-1.4502123594284058,-0.7314623594284058,-1.9814623594284058,5.0
-2.626908779144287,-4.236283779144287,-2.658158779144287,-0.9081588387489319,-0.8456588387489319,5.0
-2.19321870803833,-2.95884370803833,-1.72446870803833,-0.7869687676429749,-1.63071870803833,5.0
-2.8325600624084473,-3.7231850624084473,-1.9106850624084473,-0.5981850028038025,-1.5825600624084473,5.0
-3.1953670978546143,-4.406304836273193,-2.3203670978546143,-0.632867157459259,-1.1797420978546143,5.0
-1.8526809215545654,-2.4933059215545654,-1.4308059215545654,-1.0245559215545654,-1.9620559215545654,5.0
-2.3651185035705566,-2.9588685035705566,-1.5057435035705566,-0.7244934439659119,-2.0057435035705566,4.333333333333333
-1.7015585899353027,-2.4828085899353027,-1.5609335899353027,-1.0609335899353027,-1.8578085899353027,5.0
-3.1498193740844727,-3.9310693740844727,-1.9154444932937622,-0.6185694932937622,-1.4310694932937622,5.0
-1.81015145778656,-2.3882765769958496,-1.74765145778656,-1.18515145778656,-1.37265145778656,5.0
-3.0014328956604004,-3.7201828956604004,-1.8295577764511108,-0.5795577764511108,-1.6264327764511108,5.0
-2.669283866882324,-3.841158866882324,-2.200533866882324,-0.6849088668823242,-1.2630338668823242,5.0
-2.274066925048828,-3.180316925048828,-1.9771920442581177,-0.8209420442581177,-1.3209420442581177,5.0
-1.9265308380126953,-2.4265308380126953,-1.5202808380126953,-0.9421558976173401,-1.9265308380126953,5.0
-2.226384162902832,-3.288884162902832,-1.851384162902832,-0.726384162902832,-1.617009162902832,5.0
-2.052096366882324,-2.442721366882324,-1.3645963668823242,-0.9114713072776794,-2.161471366882324,5.0
-1.0203464031219482,-1.3953464031219482,-1.5203464031219482,-2.3015964031219482,-2.8953464031219482,5.0
-2.1999340057373047,-2.5124340057373047,-1.5280588865280151,-0.8405588865280151,-1.9186838865280151,5.0
-1.7752673625946045,-2.3065173625946045,-1.3690173625946045,-1.0096423625946045,-2.3221423625946045,5.0
-3.050692558288574,-4.425692558288574,-2.816317558288574,-0.878817617893219,-0.785067617893219,5.0
-1.5971872806549072,-1.6284372806549072,-1.2690622806549072,-1.4409372806549072,-2.6909372806549072,5.0
-2.702927350997925,-4.187302112579346,-2.515427350997925,-0.90605229139328,-0.85917729139328,5.0
-1.9863789081573486,-2.6582539081573486,-1.6270039081573486,-0.8613789677619934,-1.8145039081573486,5.0
-1.5088456869125366,-2.118220806121826,-1.9307206869125366,-1.3369706869125366,-1.4307206869125366,5.0
-3.255181074142456,-4.098931312561035,-2.177056074142456,-0.552056074142456,-1.395806074142456,5.0
-1.0234308242797852,-1.5390558242797852,-1.5390558242797852,-1.9765558242797852,-2.773430824279785,2.3333333333333335
-1.4726171493530273,-1.9882421493530273,-1.4413671493530273,-1.4101171493530273,-2.0038671493530273,5.0
-1.3523095846176147,-1.8523095846176147,-1.4929345846176147,-1.5085595846176147,-2.0866847038269043,5.0
-2.4931511878967285,-3.1806511878967285,-1.8994011878967285,-0.8369011878967285,-1.2744011878967285,5.0
-2.148684024810791,-1.8049341440200806,-0.9768091440200806,-1.2580591440200806,-3.211184024810791,5.0
-1.533173680305481,-2.1737985610961914,-1.517548680305481,-1.205048680305481,-2.0175485610961914,2.6666666666666665
-1.3068737983703613,-1.5568737983703613,-1.3693737983703613,-1.8849987983703613,-2.3068737983703613,5.0
-1.777303695678711,-2.496053695678711,-1.683553695678711,-1.011678695678711,-1.667928695678711,5.0
-2.2766170501708984,-2.6672420501708984,-1.4641169309616089,-0.7453669309616089,-2.1984920501708984,4.333333333333333
-1.215921401977539,-1.497171401977539,-1.434671401977539,-1.950296401977539,-2.528421401977539,5.0
-2.0899088382720947,-2.5274088382720947,-1.4180338382720947,-0.8399088978767395,-2.2149088382720947,5.0
-1.2261948585510254,-1.5386948585510254,-1.3824448585510254,-1.7730698585510254,-2.9605698585510254,5.0
-2.1369426250457764,-1.9494426250457764,-0.9963175654411316,-1.1525676250457764,-3.1369426250457764,5.0
-2.7430379390716553,-3.6180379390716553,-2.1336629390716553,-0.8211629390716553,-1.0867879390716553,5.0
-1.7059752941131592,-1.8934752941131592,-1.2372252941131592,-1.3622252941131592,-2.221600294113159,5.0
-1.716134786605835,-1.841134786605835,-1.200509786605835,-1.278634786605835,-2.731759786605835,5.0
-1.9265016317367554,-2.285876750946045,-1.3483766317367554,-0.9733766317367554,-2.301501750946045,5.0
-2.010239362716675,-2.228989362716675,-1.2133643627166748,-1.0258643627166748,-2.463364362716675,5.0
-2.085090160369873,-2.460090160369873,-1.491340160369873,-1.022590160369873,-1.663215160369873,5.0
-2.823824167251587,-3.011324167251587,-1.605074167251587,-0.7300741076469421,-1.605074167251587,5.0
-2.892740249633789,-3.986490249633789,-2.736490249633789,-1.142740249633789,-0.6271153092384338,5.0
-3.085663080215454,-3.851288080215454,-2.132538080215454,-0.5856630802154541,-1.398163080215454,5.0
-2.9128942489624023,-3.8503942489624023,-1.9285192489624023,-0.6160192489624023,-1.4753942489624023,5.0
-0.8019221425056458,-1.473797082901001,-1.551922082901001,-2.614422082901001,-4.05973482131958,1.0
-2.0819778442382812,-2.4101028442382812,-1.3632278442382812,-0.9413528442382812,-2.0819778442382812,5.0
-2.6646900177001953,-3.9928150177001953,-2.1334400177001953,-0.7740648984909058,-1.1334398984909058,5.0
-1.8888777494430542,-2.4670028686523438,-1.2013777494430542,-0.9670027494430542,-2.7951278686523438,5.0
-3.032750129699707,-4.595250129699707,-3.189000129699707,-1.032750129699707,-0.6265000700950623,5.0
-2.2946157455444336,-3.0289907455444336,-1.5758657455444336,-0.8883657455444336,-1.5133657455444336,5.0
-2.064954996109009,-2.689954996109009,-1.4555799961090088,-0.830579936504364,-2.111829996109009,4.666666666666667
-1.0185736417770386,-1.3779486417770386,-1.3779486417770386,-2.206073760986328,-5.049823760986328,4.333333333333333
-2.161418914794922,-2.645793914794922,-1.3176689147949219,-0.8489189147949219,-2.223918914794922,5.0
-2.6721558570861816,-3.5471558570861816,-2.0627808570861816,-0.7034057378768921,-1.312780737876892,5.0
-1.3595998287200928,-1.4533498287200928,-1.3439748287200928,-1.7970998287200928,-2.6408498287200928,5.0
-2.2244160175323486,-3.2712910175323486,-1.7400410175323486,-0.8337909579277039,-1.4744160175323486,5.0
-2.9309937953948975,-3.8059937953948975,-2.1966187953948975,-0.7903687357902527,-1.0559937953948975,5.0
-1.7362581491470337,-1.8456331491470337,-1.2675081491470337,-1.2362581491470337,-2.548758029937744,5.0
-2.1362011432647705,-2.2768261432647705,-1.1518261432647705,-0.9643262028694153,-2.7299511432647705,5.0
-2.157473564147949,-2.219973564147949,-1.1887234449386597,-0.9855984449386597,-2.438723564147949,5.0
-1.7140717506408691,-2.057821750640869,-1.3703217506408691,-1.1046967506408691,-2.354696750640869,4.666666666666667
-2.553515911102295,-3.319140911102295,-1.662890911102295,-0.5691409707069397,-2.147265911102295,5.0
-3.1395623683929443,-4.764562606811523,-2.6395623683929443,-0.6083123683929443,-1.1395623683929443,4.333333333333333
-2.1189091205596924,-2.5251591205596924,-1.4470341205596924,-0.8845340609550476,-1.9782841205596924,1.6666666666666667
-2.235424757003784,-2.501049757003784,-1.5166747570037842,-0.9697996973991394,-1.6260497570037842,5.0
-2.12919020652771,-2.36356520652771,-1.19169020652771,-1.00419020652771,-2.25419020652771,5.0
-2.116032123565674,-2.131657123565674,-1.4910321235656738,-0.9597821235656738,-1.9441571235656738,5.0
-1.7981081008911133,-1.8137331008911133,-1.2824831008911133,-1.2199831008911133,-2.4231081008911133,5.0
-3.0890860557556152,-3.6203360557556152,-1.9328359365463257,-0.6203359365463257,-1.4484609365463257,5.0
-2.0169577598571777,-2.3138327598571777,-1.3138327598571777,-0.9388328194618225,-2.3763327598571777,5.0
-2.4883995056152344,-3.3790245056152344,-1.816524624824524,-0.6290246248245239,-1.722774624824524,5.0
-1.8313552141189575,-1.3782302141189575,-0.9094802141189575,-1.8313552141189575,-4.401667594909668,2.0
-2.0186071395874023,-3.9404821395874023,-2.2842321395874023,-0.8779821395874023,-1.1904821395874023,5.0
-2.643439292907715,-3.346564292907715,-1.6903141736984253,-0.6121891736984253,-1.8621891736984253,5.0
-1.0471965074539185,-1.1878215074539185,-1.5315715074539185,-2.515946388244629,-3.484696388244629,4.666666666666667
-2.2554128170013428,-2.6929128170013428,-1.5054128170013428,-0.786662757396698,-1.9741628170013428,5.0
-2.598752498626709,-3.942502498626709,-2.020627498626709,-0.6612526178359985,-1.4112526178359985,5.0
-1.708777666091919,-1.755652666091919,-1.068152666091919,-1.365027666091919,-3.505652666091919,3.6666666666666665
-1.7015585899353027,-2.4828085899353027,-1.5609335899353027,-1.0609335899353027,-1.8578085899353027,5.0
-1.3942444324493408,-1.3161194324493408,-1.1911194324493408,-1.9411194324493408,-3.847369432449341,4.666666666666667
-2.6293389797210693,-4.129339218139648,-2.5043389797210693,-0.9887139797210693,-0.8012139797210693,5.0
-2.558945894241333,-4.277695655822754,-2.277695894241333,-0.6370708346366882,-1.324570894241333,5.0
-2.067007064819336,-2.723257064819336,-1.4420069456100464,-0.9263819456100464,-1.8170069456100464,5.0
-1.4466530084609985,-1.7122780084609985,-1.3372780084609985,-1.4622780084609985,-2.556027889251709,5.0
-1.9909274578094482,-2.5221774578094482,-1.6628024578094482,-0.990927517414093,-1.5378024578094482,5.0
-2.2063941955566406,-3.6751441955566406,-1.909519076347351,-0.6438940763473511,-1.737644076347351,5.0
-2.851473331451416,-3.929598331451416,-2.288973331451416,-0.710848331451416,-1.132723331451416,5.0
-0.9590609073638916,-1.4434359073638916,-1.6309359073638916,-2.3184359073638916,-2.6934359073638916,5.0
-1.8165829181671143,-2.5822079181671143,-1.5353329181671143,-1.0509579181671143,-1.7384579181671143,5.0
-2.426645278930664,-2.832895278930664,-1.707895278930664,-0.8485202789306641,-1.457895278930664,5.0
-2.301146984100342,-2.848021984100342,-1.7230218648910522,-0.7230218648910522,-1.7855218648910522,5.0
-1.8623089790344238,-2.018558979034424,-1.0966839790344238,-1.2685589790344238,-2.518558979034424,5.0
-1.7796968221664429,-1.7953218221664429,-1.3890718221664429,-1.1859468221664429,-2.2953219413757324,5.0
-2.266110897064209,-2.766110897064209,-1.469235897064209,-0.7817358374595642,-2.031735897064209,5.0
-1.7110859155654907,-1.9142109155654907,-1.2267109155654907,-1.1954609155654907,-2.867335796356201,5.0
-2.8134546279907227,-4.125954627990723,-2.2509546279907227,-0.7509546279907227,-1.0947046279907227,5.0
-2.396031379699707,-2.536656379699707,-1.239781379699707,-0.833531379699707,-2.364781379699707,5.0
-1.6244182586669922,-1.6244182586669922,-1.1244182586669922,-1.4681682586669922,-3.233793258666992,2.6666666666666665
-1.636744737625122,-2.089869737625122,-1.355494737625122,-1.199244737625122,-2.246119737625122,5.0
-2.1719322204589844,-2.5469322204589844,-1.5313071012496948,-0.8594321012496948,-1.8438071012496948,5.0
-2.6670970916748047,-2.9014720916748047,-1.3702219724655151,-0.7608469724655151,-1.9483469724655151,5.0
-2.5970511436462402,-3.1439261436462402,-1.7376762628555298,-0.5814262628555298,-1.9720512628555298,5.0
-1.5703654289245605,-1.1484904289245605,-1.1328654289245605,-2.1484904289245605,-3.7109904289245605,1.0
-2.065321683883667,-2.721571683883667,-1.690321683883667,-0.846571683883667,-1.705946683883667,5.0
-2.773144245147705,-3.882519245147705,-1.898144245147705,-0.6325191855430603,-1.491894245147705,5.0
-0.9911580085754395,-1.1317830085754395,-1.5224080085754395,-2.7255330085754395,-4.3505330085754395,1.6666666666666667
-1.3026891946792603,-1.5526891946792603,-1.3808141946792603,-1.7089391946792603,-2.6933140754699707,5.0
-2.935692071914673,-3.701317071914673,-1.7950670719146729,-0.5606920719146729,-1.7325670719146729,5.0
-2.9784836769104004,-4.5097336769104,-2.7597336769104004,-0.9003586769104004,-0.7753586769104004,5.0
-1.8140126466751099,-1.9858876466751099,-1.3608876466751099,-1.2202626466751099,-2.0171375274658203,5.0
-2.1653175354003906,-2.6653175354003906,-1.6184425354003906,-0.8059425950050354,-1.8528175354003906,5.0
-1.97688889503479,-2.47688889503479,-1.36751389503479,-0.93001389503479,-2.25813889503479,5.0
-2.789659023284912,-3.336534023284912,-1.633409023284912,-0.5709089636802673,-2.055284023284912,5.0
-2.05080246925354,-2.91017746925354,-1.42580246925354,-0.8789274096488953,-1.92580246925354,5.0
-2.258460521697998,-2.742835521697998,-1.3834606409072876,-0.7584606409072876,-2.274085521697998,5.0
-2.1307826042175293,-2.1776576042175293,-1.0839077234268188,-1.0214077234268188,-2.9432826042175293,5.0
-2.346113920211792,-2.877363920211792,-1.736738920211792,-0.783613920211792,-1.580488920211792,5.0
-2.067234516143799,-2.660984516143799,-1.4891095161437988,-0.770359456539154,-2.270359516143799,5.0
-1.8957130908966064,-2.4113380908966064,-1.5675880908966064,-0.9582130908966064,-1.8488380908966064,5.0
-1.7837865352630615,-2.3775365352630615,-1.5806615352630615,-0.9869115352630615,-1.9556615352630615,4.666666666666667
-1.88295316696167,-2.30482816696167,-1.38295316696167,-0.8985781073570251,-2.55482816696167,4.666666666666667
-1.6507527828216553,-1.5726277828216553,-1.1507527828216553,-1.5257527828216553,-2.9632527828216553,3.6666666666666665
-2.5520262718200684,-3.2707762718200684,-1.817651391029358,-0.7395263910293579,-1.458276391029358,5.0
-1.6180802583694458,-1.6649552583694458,-1.2118302583694458,-1.4774552583694458,-2.7587051391601562,2.0
-0.8873616456985474,-1.4342366456985474,-1.6529866456985474,-2.277986526489258,-3.199861526489258,5.0
-2.1512258052825928,-2.6981008052825928,-1.4949758052825928,-0.838725745677948,-1.9324758052825928,4.666666666666667
-1.7767088413238525,-1.9642088413238525,-1.4329588413238525,-1.1360838413238525,-2.1673338413238525,5.0
-3.374738931655884,-4.843488693237305,-3.499738931655884,-1.2184889316558838,-0.4684889316558838,5.0
-3.0227277278900146,-4.280540466308594,-2.0227277278900146,-0.5539777278900146,-1.5383527278900146,5.0
-1.4726061820983887,-1.8632311820983887,-1.3476061820983887,-1.3163561820983887,-2.6757311820983887,5.0
-2.566542148590088,-3.285292148590088,-1.6602922677993774,-0.6915422677993774,-1.7071672677993774,5.0
-2.7347207069396973,-3.3909707069396973,-1.7815957069396973,-0.6722207069396973,-1.5472207069396973,5.0
-2.311042308807373,-3.311042308807373,-1.7172921895980835,-0.7641671895980835,-1.6079171895980835,5.0
-2.683635950088501,-4.105510711669922,-1.886760950088501,-0.6836358904838562,-1.402385950088501,5.0
-2.43332576751709,-3.49582576751709,-1.9645757675170898,-0.7302008271217346,-1.3864507675170898,5.0
-1.7419489622116089,-1.7419489622116089,-1.1325739622116089,-1.2731989622116089,-3.4138240814208984,5.0
-2.724620819091797,-3.552745819091797,-1.9277458190917969,-0.7558708190917969,-1.2714958190917969,5.0
-2.3637309074401855,-4.0199809074401855,-2.1137309074401855,-0.738730788230896,-1.301230788230896,5.0
-1.7306864261627197,-1.6525614261627197,-1.1056864261627197,-1.4494364261627197,-2.9806864261627197,5.0
-2.030404806137085,-1.561654806137085,-0.874154806137085,-1.561654806137085,-4.108530044555664,2.6666666666666665
-1.6887383460998535,-2.1887383460998535,-1.4231133460998535,-1.0481133460998535,-2.3137383460998535,5.0
-2.641275644302368,-3.563150644302368,-2.250650644302368,-0.8287757039070129,-1.0475256443023682,5.0
-1.5326197147369385,-1.4701197147369385,-1.1576197147369385,-1.6576197147369385,-3.2826197147369385,4.0
-2.518296003341675,-2.799546003341675,-1.4557960033416748,-0.73704594373703,-1.9870460033416748,5.0
-2.913206100463867,-4.194456100463867,-2.553831100463867,-0.928831160068512,-0.803831160068512,5.0
-2.356877088546753,-4.153752326965332,-2.325627088546753,-0.8256270885467529,-1.091252088546753,5.0
-1.6818361282348633,-1.9474611282348633,-1.4318361282348633,-1.1505861282348633,-2.2443361282348633,4.666666666666667
-3.244713306427002,-3.994713306427002,-2.057213306427002,-0.5103381872177124,-1.5728381872177124,5.0
-1.0404466390609741,-1.1654466390609741,-1.4310716390609741,-2.6185717582702637,-4.446696758270264,2.6666666666666665
-2.1174681186676025,-3.3674681186676025,-1.7737181186676025,-0.7580930590629578,-1.6799681186676025,5.0
-2.5410499572753906,-3.3535499572753906,-1.6191750764846802,-0.5566750764846802,-2.3222999572753906,5.0
-2.839284896850586,-3.917409896850586,-1.9799100160598755,-0.4174100160598755,-2.183034896850586,4.666666666666667
-2.4123735427856445,-3.6779985427856445,-2.1623735427856445,-0.8029984831809998,-1.1623735427856445,5.0
-2.44065260887146,-3.28440260887146,-1.97190260887146,-0.7062776684761047,-1.45627760887146,5.0
-2.874234437942505,-3.780484437942505,-1.9367344379425049,-0.6711094975471497,-1.3742344379425049,5.0
-2.3428688049316406,-2.5772438049316406,-1.4053688049316406,-0.7959938049316406,-2.1397438049316406,5.0
-2.799466371536255,-3.877591371536255,-2.174466371536255,-0.5338413715362549,-1.5807163715362549,5.0
-3.02912974357605,-4.443192481994629,-2.46662974357605,-0.5291297435760498,-1.3728797435760498,5.0
-1.2613753080368042,-1.3863753080368042,-1.2613753080368042,-1.9801253080368042,-3.3707504272460938,5.0
-2.6342034339904785,-3.9935784339904785,-2.2123284339904785,-0.6967035531997681,-1.243578553199768,5.0
-1.6338186264038086,-1.6806936264038086,-1.1338186264038086,-1.5244436264038086,-2.7119436264038086,4.666666666666667
-2.41263484954834,-2.86575984954834,-1.6782598495483398,-0.7407598495483398,-1.7095098495483398,5.0
-2.474780321121216,-2.943530321121216,-1.4435303211212158,-0.6310303211212158,-2.506030321121216,5.0
-2.2097530364990234,-2.5066280364990234,-1.3347530364990234,-0.8816280961036682,-2.1472530364990234,5.0
-1.4016127586364746,-1.6047377586364746,-1.1203627586364746,-1.7922377586364746,-3.2453627586364746,5.0
-2.2695140838623047,-2.4257640838623047,-1.3788892030715942,-0.8945142030715942,-2.0038890838623047,5.0
-2.0687928199768066,-2.9750428199768066,-1.818792700767517,-0.8969177007675171,-1.428167700767517,5.0
-2.954820394515991,-4.82200813293457,-2.392320394515991,-0.486070454120636,-1.5329453945159912,5.0
-2.931304454803467,-3.509429454803467,-1.8219294548034668,-0.6344294548034668,-1.5406794548034668,5.0
-2.5084662437438965,-3.2584662437438965,-1.820966124534607,-0.6803411245346069,-1.602216124534607,5.0
-2.7086098194122314,-3.4898598194122314,-2.0211098194122314,-0.6617348790168762,-1.4117348194122314,5.0
-3.0920681953430176,-4.076443195343018,-2.4045681953430176,-0.7951932549476624,-0.9514432549476624,5.0
-1.8805780410766602,-2.59932804107666,-1.4743280410766602,-0.9899530410766602,-1.8493280410766602,5.0
-2.935216188430786,-3.622716188430786,-1.8258411884307861,-0.5758412480354309,-1.6695911884307861,5.0
-2.78872013092041,-3.33559513092041,-1.6949700117111206,-0.6637200117111206,-1.6480950117111206,5.0
-2.3346967697143555,-2.7409467697143555,-1.647196888923645,-0.756571888923645,-1.787821888923645,5.0
-1.864547848701477,-1.692672848701477,-1.067672848701477,-1.348922848701477,-3.1457977294921875,5.0
-2.5473568439483643,-3.2817318439483643,-1.7973568439483643,-0.687981903553009,-1.5786068439483643,5.0
-2.245288610458374,-2.714038610458374,-1.729663610458374,-0.839038610458374,-1.557788610458374,5.0
-2.37540602684021,-2.54728102684021,-1.48478102684021,-0.89103102684021,-1.70353102684021,5.0
-3.0316383838653564,-4.4222636222839355,-2.5003883838653564,-0.6097634434700012,-1.1878883838653564,5.0
-1.628957748413086,-1.285207748413086,-1.035207748413086,-1.925832748413086,-4.207082748413086,2.6666666666666665
-2.0067663192749023,-1.6005163192749023,-0.9130163788795471,-1.4755163192749023,-3.7567663192749023,5.0
-1.994293212890625,-2.541168212890625,-1.416168212890625,-0.806793212890625,-2.478668212890625,4.666666666666667
-2.2088301181793213,-3.0213301181793213,-1.6775801181793213,-0.8182051181793213,-1.6150801181793213,4.666666666666667
-2.6080398559570312,-3.6236648559570312,-2.3111648559570312,-0.9361649751663208,-0.9205399751663208,5.0
-2.9238412380218506,-3.4863412380218506,-1.6582162380218506,-0.5957161784172058,-1.8144662380218506,5.0
-2.814392566680908,-4.720642566680908,-2.876892566680908,-0.939392626285553,-0.751892626285553,5.0
-2.117361545562744,-2.257986545562744,-1.1954865455627441,-0.9142365455627441,-2.820486545562744,4.333333333333333
-2.653581380844116,-4.356706619262695,-2.997331380844116,-1.0598313808441162,-0.669206440448761,5.0
-2.6604299545288086,-3.5354299545288086,-2.0666799545288086,-0.7698050141334534,-1.1916799545288086,5.0
-1.9965088367462158,-2.105883836746216,-1.3090088367462158,-1.0277588367462158,-2.277758836746216,5.0
-1.7539340257644653,-1.6601840257644653,-0.9726840257644653,-1.5039340257644653,-4.035183906555176,2.6666666666666665
-1.5485868453979492,-1.8298368453979492,-1.3454618453979492,-1.2360868453979492,-2.814211845397949,5.0
-0.5180739760398865,-1.3305740356445312,-2.3305740356445312,-3.8149490356445312,-5.291511535644531,1.0
-2.1823928356170654,-2.5886428356170654,-1.4323928356170654,-0.8230178952217102,-2.0730178356170654,4.333333333333333
-2.809285879135132,-3.371785879135132,-1.7936608791351318,-0.6217858791351318,-1.6530358791351318,5.0
-2.107402801513672,-2.716777801513672,-1.6386528015136719,-1.0136528015136719,-1.4199028015136719,5.0
-2.938054084777832,-4.141179084777832,-2.578679084777832,-0.8443039655685425,-0.8755539655685425,5.0
-2.5211102962493896,-3.9742352962493896,-2.2398602962493896,-0.6617352962493896,-1.3179852962493896,5.0
-2.5446834564208984,-3.2946834564208984,-1.9196833372116089,-0.7009333372116089,-1.4665583372116089,5.0
-3.338866710662842,-4.245116710662842,-2.401366710662842,-0.7294918298721313,-0.9951168298721313,5.0
-1.032325267791748,-1.344825267791748,-1.532325267791748,-2.219825267791748,-3.172950267791748,4.333333333333333
-2.0437679290771484,-2.9343929290771484,-1.6218929290771484,-1.0750179290771484,-1.3406429290771484,5.0
-2.226461172103882,-3.038961172103882,-1.4920861721038818,-0.8983361124992371,-1.6170861721038818,5.0
-2.3612537384033203,-2.6737537384033203,-1.3143786191940308,-0.7831286191940308,-2.3925037384033203,5.0
-2.4260618686676025,-3.1448118686676025,-1.6760618686676025,-0.6604369282722473,-1.8635618686676025,5.0
-2.6901490688323975,-3.7057740688323975,-1.9557740688323975,-0.7057740092277527,-1.3463990688323975,5.0
-2.7146177291870117,-3.4021177291870117,-1.6521177291870117,-0.6052426695823669,-1.8708677291870117,5.0
-2.012265682220459,-2.559140682220459,-1.402890682220459,-0.9185157418251038,-2.059140682220459,5.0
-2.392970323562622,-3.346095323562622,-1.846095323562622,-0.7523453235626221,-1.455470323562622,5.0
-1.7654318809509277,-2.1091818809509277,-1.2966818809509277,-1.1560568809509277,-2.2341818809509277,5.0
-2.540680408477783,-3.228180408477783,-1.7750554084777832,-0.6813053488731384,-1.6344304084777832,4.666666666666667
-2.0198068618774414,-2.2229318618774414,-1.410431981086731,-0.972931981086731,-2.0666818618774414,5.0
-2.1629443168640137,-3.0848193168640137,-1.8973193168640137,-0.7566943168640137,-1.5535693168640137,5.0
-1.6094942092895508,-2.046994209289551,-1.4219942092895508,-1.3751192092895508,-1.8282442092895508,5.0
-2.649346351623535,-3.399346351623535,-1.8368464708328247,-0.5555964708328247,-1.8680964708328247,5.0
-1.5847746133804321,-1.5847746133804321,-1.1628996133804321,-1.5066496133804321,-3.1628994941711426,4.0
-1.8657972812652588,-2.006422281265259,-1.1157972812652588,-1.1001722812652588,-3.225172281265259,5.0
-1.7963948249816895,-2.5620198249816895,-1.4838948249816895,-0.9370198249816895,-2.1401448249816895,2.6666666666666665
-1.3918824195861816,-1.8293824195861816,-1.4075074195861816,-1.3450074195861816,-2.6575074195861816,5.0
-2.9381253719329834,-4.9381256103515625,-3.1100003719329834,-0.5943754315376282,-1.1100003719329834,5.0
-1.6708152294158936,-1.3895652294158936,-1.0770652294158936,-1.7801902294158936,-3.1864402294158936,5.0
-1.100097894668579,-1.396972894668579,-1.396972894668579,-2.037597894668579,-3.662597894668579,5.0
-2.54860520362854,-3.12673020362854,-1.40798020362854,-0.6579802632331848,-2.28298020362854,5.0
-2.4952917098999023,-3.0577917098999023,-1.6515417098999023,-0.7921667695045471,-1.5421667098999023,4.333333333333333
-1.73892343044281,-1.95767343044281,-1.25454843044281,-1.23892343044281,-2.3482985496520996,5.0
-1.676708459854126,-2.379833459854126,-1.489208459854126,-1.036083459854126,-2.098583459854126,2.0
-2.5136337280273438,-3.5761337280273438,-1.7167587280273438,-0.5917587876319885,-1.9355087280273438,5.0
-2.763183832168579,-4.02880859375,-2.138183832168579,-0.6381837725639343,-1.341308832168579,5.0
-1.5174260139465332,-1.4861760139465332,-1.0174260139465332,-1.8299260139465332,-4.158051013946533,1.3333333333333333
-2.112163543701172,-2.330913543701172,-1.2684135437011719,-0.9402885437011719,-2.330913543701172,5.0
-1.6204031705856323,-1.9172781705856323,-1.3391531705856323,-1.1985281705856323,-2.557903289794922,5.0
-2.817857265472412,-3.802232265472412,-2.020982265472412,-0.5522322654724121,-1.614732265472412,5.0
-2.6648690700531006,-3.8367440700531006,-2.4304940700531006,-1.2117440700531006,-0.6648690104484558,5.0
-2.563581943511963,-3.532331943511963,-2.032331943511963,-0.6260818243026733,-1.5323318243026733,5.0
-2.5221304893493652,-2.9127554893493652,-1.5065054893493652,-0.74088054895401,-1.8658804893493652,5.0
-2.0160913467407227,-2.2035913467407227,-1.1567163467407227,-1.0317163467407227,-2.7192163467407227,5.0
-2.625971794128418,-4.172846794128418,-2.516596794128418,-0.9072217345237732,-0.8759717345237732,5.0
-1.4876238107681274,-1.4876238107681274,-1.1751238107681274,-1.7376238107681274,-2.971998691558838,5.0
-2.6949095726013184,-3.8511595726013184,-2.3824095726013184,-0.9292846322059631,-0.8824096322059631,5.0
-2.4611830711364746,-3.3518080711364746,-2.0549330711364746,-1.039307951927185,-0.9455579519271851,5.0
-1.640195369720459,-1.265195369720459,-0.999570369720459,-2.015195369720459,-4.358945369720459,2.0
-1.295246958732605,-1.279621958732605,-1.185871958732605,-2.1546220779418945,-4.4827470779418945,1.0
-2.2821412086486816,-3.6258912086486816,-2.0633912086486816,-0.8133910894393921,-1.250891089439392,5.0
-2.1263608932495117,-2.7357358932495117,-1.6732360124588013,-0.8138610124588013,-1.7513610124588013,5.0
-1.7867188453674316,-2.1773438453674316,-1.4429688453674316,-1.1304688453674316,-1.9742188453674316,5.0
-2.2478413581848145,-2.2947163581848145,-1.341591238975525,-0.9353412389755249,-2.0603413581848145,2.0
-2.1034464836120605,-2.9471964836120605,-1.9003214836120605,-0.9003214836120605,-1.3534464836120605,5.0
-1.4053384065628052,-1.9365884065628052,-1.4365884065628052,-1.3584634065628052,-2.3115882873535156,5.0
-1.4037771224975586,-1.6225271224975586,-1.2475271224975586,-1.5444021224975586,-3.1850271224975586,4.666666666666667
-2.1233274936676025,-2.3889524936676025,-1.4983274936676025,-0.9045774936676025,-1.8889524936676025,5.0
-3.0688459873199463,-4.350095748901367,-2.5688459873199463,-0.8344709873199463,-0.8657209873199463,5.0
-2.587744951248169,-3.540869951248169,-1.947119951248169,-0.8064950108528137,-1.228369951248169,5.0
-2.4153637886047363,-3.6028637886047363,-2.2122387886047363,-0.9622387886047363,-0.9622387886047363,5.0
-2.0475642681121826,-2.6725642681121826,-1.6725642681121826,-0.9694392085075378,-1.4850642681121826,5.0
-2.946101665496826,-3.383601665496826,-2.164851665496826,-0.7586016654968262,-1.1336016654968262,5.0
-2.1711137294769287,-2.6867387294769287,-1.5304887294769287,-0.7961137294769287,-1.9836137294769287,5.0
-2.537663459777832,-3.631413459777832,-1.943913459777832,-0.6939135193824768,-1.443913459777832,5.0
-2.0910720825195312,-2.5754470825195312,-1.4035720825195312,-0.8879470229148865,-2.0754470825195312,5.0
-2.3094825744628906,-2.8876075744628906,-1.8563575744628906,-0.8719825744628906,-1.3407325744628906,5.0
-1.3338648080825806,-1.4119898080825806,-1.2557398080825806,-2.021364688873291,-2.740114688873291,5.0
-1.9899592399597168,-2.614959239959717,-1.6930842399597168,-0.9430842399597168,-1.5837092399597168,5.0
-2.377370595932007,-2.642995595932007,-1.4086205959320068,-0.8617455363273621,-1.8461205959320068,5.0
-1.583065390586853,-2.0830655097961426,-1.504940390586853,-1.176815390586853,-2.0830655097961426,5.0
-2.3480396270751953,-2.7699146270751953,-1.2699145078659058,-0.7699145078659058,-2.5511646270751953,5.0
-2.2115368843078613,-2.3834118843078613,-1.2740370035171509,-0.8521620035171509,-2.5552868843078613,5.0
-2.1952743530273438,-2.8358993530273438,-1.6327743530273438,-0.7108994126319885,-2.0233993530273438,5.0
-2.2156991958618164,-2.9344491958618164,-1.4031991958618164,-0.8406991362571716,-1.9813241958618164,5.0
-2.403292179107666,-3.700167179107666,-2.043917179107666,-0.7939172983169556,-1.2314172983169556,5.0
-1.8329321146011353,-2.1766819953918457,-1.4423071146011353,-1.0360571146011353,-2.0829319953918457,5.0
-2.561753749847412,-3.858628749847412,-2.108628749847412,-0.7180037498474121,-1.280503749847412,5.0
-2.6562857627868652,-3.5469107627868652,-2.0156607627868652,-0.8281606435775757,-1.1406606435775757,5.0
-2.4018726348876953,-2.9799976348876953,-1.6831225156784058,-0.6518725156784058,-1.9643725156784058,4.666666666666667
-1.4427005052566528,-1.1145755052566528,-1.1302005052566528,-2.4270753860473633,-4.598950386047363,5.0
-1.7777743339538574,-1.6996493339538574,-0.9808992743492126,-1.4652743339538574,-3.7465243339538574,1.6666666666666667
-2.4410085678100586,-3.2691335678100586,-1.8785085678100586,-0.6910086274147034,-1.5503835678100586,5.0
-1.969565510749817,-2.2664403915405273,-1.422690510749817,-1.032065510749817,-1.891440510749817,5.0
-1.6114840507507324,-2.3771090507507324,-1.5958590507507324,-1.0489840507507324,-1.9708590507507324,5.0
-2.780853033065796,-3.187103033065796,-1.530853033065796,-0.6246030330657959,-1.999603033065796,5.0
-2.02010440826416,-2.25447940826416,-1.2232292890548706,-0.9419792890548706,-2.70760440826416,5.0
-2.8699748516082764,-4.2137250900268555,-2.3074748516082764,-0.6668498516082764,-1.1980998516082764,5.0
-2.18200421333313,-2.71325421333313,-1.8070042133331299,-0.9320042133331299,-1.3695042133331299,5.0
-2.996164083480835,-4.058664321899414,-2.230539083480835,-0.574289083480835,-1.371164083480835,5.0
-1.9821293354034424,-2.4040043354034424,-1.4665043354034424,-0.9040043354034424,-2.1071293354034424,5.0
-2.8571581840515137,-3.7165331840515137,-1.8415331840515137,-0.5759081840515137,-1.6852831840515137,5.0
-2.3115947246551514,-2.9678447246551514,-1.5772197246551514,-0.6709697246551514,-2.1397197246551514,5.0
-1.8605375289916992,-2.344912528991699,-1.6261625289916992,-1.1261625289916992,-1.5480375289916992,5.0
-1.9639382362365723,-2.8858132362365723,-1.7295632362365723,-0.8701881766319275,-1.6201882362365723,5.0
-2.1716723442077637,-2.5779223442077637,-1.4685473442077637,-0.7497974038124084,-2.3279223442077637,5.0
-2.6451058387756348,-3.7701058387756348,-2.2544808387756348,-0.7388559579849243,-1.1607309579849243,5.0
-3.090541362762451,-3.824916362762451,-2.106166362762451,-0.5592914819717407,-1.4655414819717407,5.0
-2.5292916297912598,-3.7480416297912598,-2.0761666297912598,-0.6542916297912598,-1.4199166297912598,5.0
-2.0152242183685303,-2.2183492183685303,-1.2027242183685303,-1.0152242183685303,-2.5464742183685303,5.0
-1.8978055715560913,-1.9290555715560913,-1.2884305715560913,-1.1165555715560913,-2.413430690765381,4.333333333333333
-2.510209798812866,-2.916459798812866,-1.4320847988128662,-0.7758347392082214,-1.9008347988128662,4.333333333333333
-2.071080207824707,-2.680455207824707,-1.289830207824707,-0.8679552674293518,-2.383580207824707,5.0
-2.7181754112243652,-4.202550411224365,-2.4056754112243652,-0.68692547082901,-1.1556754112243652,5.0
-2.567016839981079,-2.910766839981079,-1.379516839981079,-0.7232668995857239,-2.129516839981079,5.0
-0.9736001491546631,-1.504850149154663,-1.504850149154663,-2.067350149154663,-3.239225149154663,5.0
-1.5240583419799805,-1.6646833419799805,-1.2740583419799805,-1.4303083419799805,-2.8053083419799805,5.0
-2.5798864364624023,-3.4705114364624023,-2.0173864364624023,-0.7048863768577576,-1.3611364364624023,5.0
-1.8058207035064697,-2.0870707035064697,-1.3839457035064697,-1.1026957035064697,-2.1339457035064697,5.0
-2.366361379623413,-2.553861379623413,-1.303861379623413,-0.8507363796234131,-2.163236379623413,5.0
-2.356231927871704,-2.637481927871704,-1.606231927871704,-0.9499819874763489,-1.449981927871704,4.666666666666667
-2.2539358139038086,-2.1914358139038086,-1.0820608139038086,-1.0039358139038086,-2.7851858139038086,4.666666666666667
-1.5491853952407837,-2.080435276031494,-1.3773103952407837,-1.1585603952407837,-2.627310276031494,5.0
-2.0204989910125732,-2.0361239910125732,-1.1454989910125732,-1.0986239910125732,-2.6454989910125732,5.0
-0.9052302241325378,-1.2021052837371826,-1.5302302837371826,-2.8583552837371826,-4.8114800453186035,1.3333333333333333
-0.7530636787414551,-1.190563678741455,-1.831188678741455,-3.315563678741455,-4.659313678741455,1.3333333333333333
-2.680117607116699,-3.930117607116699,-2.086367607116699,-0.570742666721344,-1.5551176071166992,5.0
-2.7564339637756348,-3.6783089637756348,-1.9908089637756348,-0.64705890417099,-1.4283089637756348,5.0
-2.5161383152008057,-3.4692633152008057,-1.9848883152008057,-0.6567633152008057,-1.5317633152008057,5.0
-2.7525124549865723,-3.1118874549865723,-1.5806375741958618,-0.7681375741958618,-1.5493875741958618,5.0
-2.8948276042938232,-3.6292026042938232,-2.0510776042938232,-0.7385775446891785,-1.1917026042938232,5.0
-1.8972764015197754,-2.8035264015197754,-1.4754014015197754,-0.8816514015197754,-2.0535264015197754,5.0
-1.6529278755187988,-1.8873028755187988,-1.2935528755187988,-1.2935528755187988,-2.356052875518799,5.0
-2.5851335525512695,-3.5226335525512695,-2.3976335525512695,-0.9913836717605591,-0.8507586717605591,5.0
-1.804521083831787,-1.492021083831787,-1.195146083831787,-1.507646083831787,-2.585771083831787,2.0
-1.106972098350525,-1.044472098350525,-1.435097098350525,-2.9507222175598145,-4.7163472175598145,5.0
-1.4195454120635986,-1.4507954120635986,-1.2164204120635986,-1.7320454120635986,-3.2320454120635986,1.3333333333333333
-2.1336286067962646,-2.7430036067962646,-1.6648786067962646,-0.8055035471916199,-1.7742536067962646,5.0
-1.2890070676803589,-0.9921320676803589,-1.3202570676803589,-2.7733821868896484,-4.859319686889648,1.3333333333333333
-1.8479677438735962,-2.4573426246643066,-1.6604677438735962,-1.0510927438735962,-1.5823427438735962,1.6666666666666667
-2.5922439098358154,-2.9984939098358154,-1.9359939098358154,-0.7328688502311707,-1.4203689098358154,4.666666666666667
-2.378314256668091,-2.268939256668091,-1.0033142566680908,-0.9720642566680908,-3.300189256668091,5.0
-2.1881632804870605,-2.6100382804870605,-1.453788161277771,-0.875663161277771,-1.891288161277771,5.0
-3.2681336402893066,-4.486883640289307,-2.7837586402893066,-0.8618835210800171,-0.7837585210800171,5.0
-2.3975577354431152,-3.3975577354431152,-1.8819327354431152,-0.7256826758384705,-1.4756827354431152,5.0
-2.203859806060791,-2.516359806060791,-1.516359806060791,-0.8444848656654358,-1.906984806060791,5.0
-2.899341344833374,-3.493091344833374,-1.961841344833374,-0.774341344833374,-1.196216344833374,5.0
-1.4134405851364136,-1.6165655851364136,-1.2259405851364136,-1.6165655851364136,-3.147815704345703,4.0
-2.4775338172912598,-2.5087838172912598,-1.1650339365005493,-0.8837839365005493,-2.3212838172912598,5.0
-2.7023401260375977,-3.3898401260375977,-1.780465006828308,-0.6710900068283081,-1.561715006828308,5.0
-2.6964023113250732,-3.9464023113250732,-2.3370273113250732,-0.8682773113250732,-0.9464023113250732,5.0
-1.1270568370819092,-1.6895568370819092,-1.4239318370819092,-1.7208068370819092,-2.877056837081909,2.6666666666666665
-1.866159439086914,-1.522409439086914,-0.8817843794822693,-1.694284439086914,-4.225534439086914,2.3333333333333335
-1.9389957189559937,-2.470245838165283,-1.4546207189559937,-0.8764957189559937,-2.220245838165283,5.0
-2.225728988647461,-2.960103988647461,-1.7882288694381714,-0.8038538694381714,-1.5382288694381714,5.0
-2.1881022453308105,-2.1881022453308105,-1.2506023645401,-0.9849773645401001,-2.2506022453308105,5.0
-2.9492177963256836,-3.5429677963256836,-1.886717677116394,-0.636717677116394,-1.480467677116394,5.0
-2.1925466060638428,-2.9112966060638428,-1.4737966060638428,-0.8175466060638428,-1.9425466060638428,5.0
-2.973700761795044,-4.083075523376465,-2.395575761795044,-0.7862007021903992,-0.9737007021903992,5.0
-1.7865025997161865,-2.3333775997161865,-1.5365025997161865,-0.9740025997161865,-2.0365025997161865,5.0
-1.865950345993042,-2.084700345993042,-1.209700345993042,-1.053450345993042,-2.803450345993042,5.0
-1.6709039211273193,-1.1709039211273193,-1.0146539211273193,-2.1709039211273193,-4.749029159545898,2.3333333333333335
-2.453251361846924,-4.062626361846924,-2.328251361846924,-0.7345012426376343,-1.1876262426376343,5.0
-2.7323644161224365,-3.9198644161224365,-2.0292394161224365,-0.5136143565177917,-1.7479894161224365,5.0
-2.294005870819092,-2.840880870819092,-1.4815058708190918,-0.809630811214447,-1.8877558708190918,5.0
-2.69547700881958,-2.83610200881958,-1.5392271280288696,-0.8361021280288696,-1.5392271280288696,5.0
-2.635653257369995,-3.838778257369995,-2.026278257369995,-0.6981533169746399,-1.3387782573699951,5.0
-2.4683949947357178,-4.046520233154297,-2.3902699947357178,-0.8277699947357178,-1.0308949947357178,5.0
-2.0315895080566406,-1.9222145080566406,-1.0628395080566406,-1.1097145080566406,-3.3440895080566406,4.333333333333333
-1.948208212852478,-2.4013333320617676,-1.323208212852478,-0.916958212852478,-2.4169583320617676,5.0
-1.4513882398605347,-0.9513882398605347,-1.2013882398605347,-2.826388359069824,-5.552950859069824,1.6666666666666667
-1.8595839738845825,-2.015833854675293,-1.0783339738845825,-1.1408339738845825,-3.234583854675293,5.0
-2.452730178833008,-3.124605178833008,-1.6871051788330078,-0.702730119228363,-1.7339801788330078,5.0
-2.5432000160217285,-3.4807000160217285,-1.9338250160217285,-0.7619499564170837,-1.3088250160217285,5.0
-2.6476681232452393,-2.9601681232452393,-1.5382931232452393,-0.6632930636405945,-2.0070431232452393,5.0
-2.448296070098877,-2.698296070098877,-1.432671070098877,-0.745171070098877,-2.088921070098877,5.0
-0.8241920471191406,-1.1523170471191406,-1.7616920471191406,-3.0585670471191406,-4.816379547119141,2.6666666666666665
-1.778018593788147,-2.1530184745788574,-1.215518593788147,-1.215518593788147,-2.2936434745788574,5.0
-1.270508050918579,-1.567383050918579,-1.333008050918579,-1.692383050918579,-2.973633050918579,2.6666666666666665
-2.463226556777954,-3.228851556777954,-1.869476556777954,-0.7132266163825989,-1.494476556777954,5.0
-2.188924551010132,-2.673299551010132,-1.5014245510101318,-0.7670494914054871,-2.095174551010132,5.0
-3.1537227630615234,-4.505285263061523,-2.7318477630615234,-0.7630977630615234,-0.9037227630615234,5.0
-2.2169675827026367,-2.7169675827026367,-1.6544674634933472,-0.8419674634933472,-1.6544674634933472,5.0
-3.0157339572906494,-4.24229621887207,-2.3594839572906494,-0.6719838976860046,-1.1407339572906494,5.0
-2.0954413414001465,-1.970441460609436,-1.126691460609436,-1.111066460609436,-2.6579413414001465,4.0
-1.2566760778427124,-1.3973010778427124,-1.2879260778427124,-1.9441760778427124,-3.397301197052002,5.0
-2.686481475830078,-4.030231475830078,-2.248981475830078,-0.7802314758300781,-1.0771064758300781,5.0
-2.8427317142486572,-3.4208567142486572,-1.8583567142486572,-0.5458566546440125,-1.8114817142486572,5.0
-1.4367579221725464,-1.5617579221725464,-1.2961329221725464,-1.5930079221725464,-2.811758041381836,1.6666666666666667
-1.713442325592041,-1.838442325592041,-1.072817325592041,-1.338442325592041,-3.119692325592041,5.0
-2.464045286178589,-3.729670286178589,-2.182795286178589,-0.7765453457832336,-1.1827952861785889,5.0
-2.369356155395508,-2.463106155395508,-1.4006062746047974,-0.8537312746047974,-1.9631062746047974,5.0
-1.4110134840011597,-2.036013603210449,-1.8953884840011597,-1.5203884840011597,-1.4110134840011597,5.0
-2.782871723175049,-3.407871723175049,-1.7359967231750488,-0.6422467231750488,-1.6578717231750488,5.0
-2.958371639251709,-4.708371639251709,-2.567746639251709,-0.6458717584609985,-1.1302467584609985,5.0
-2.889747142791748,-3.764747142791748,-1.905372142791748,-0.608497142791748,-1.530372142791748,5.0
-1.9641581773757935,-2.292283058166504,-1.4016581773757935,-0.9797831773757935,-2.073533058166504,5.0
-2.090907096862793,-2.825282096862793,-1.7627819776535034,-0.8096569776535034,-1.6534069776535034,4.666666666666667
-0.3769245445728302,-1.5487995147705078,-2.876924514770508,-3.955049514770508,-4.658174514770508,2.0
-2.6814160346984863,-3.8689160346984863,-2.2907910346984863,-0.9001661539077759,-0.9314161539077759,5.0
-1.6318485736846924,-1.7412235736846924,-1.2880985736846924,-1.3349735736846924,-2.5537235736846924,2.0
-1.4178919792175293,-1.8085169792175293,-1.3241419792175293,-1.3710169792175293,-2.9178919792175293,5.0
-1.9341647624969482,-1.7779147624969482,-0.9029147624969482,-1.4029147624969482,-3.8872897624969482,1.6666666666666667
-1.232052206993103,-1.653927206993103,-1.466427206993103,-1.607052206993103,-2.6226773262023926,5.0
-2.4399123191833496,-3.1742873191833496,-1.7367874383926392,-0.6274124383926392,-1.8930374383926392,5.0
-3.069559335708618,-4.069559097290039,-2.413309335708618,-0.7726842761039734,-0.9758092761039734,5.0
-2.069974422454834,-2.069974422454834,-1.0699745416641235,-1.1324745416641235,-2.679349422454834,5.0
-1.216383695602417,-1.591383695602417,-1.294508695602417,-1.732008695602417,-3.403883695602417,5.0
-0.9691210985183716,-1.3284960985183716,-1.6253710985183716,-2.297245979309082,-3.047245979309082,5.0
-2.999218702316284,-4.186718463897705,-2.561718702316284,-0.8742186427116394,-0.8429686427116394,5.0
-2.6003503799438477,-2.9441003799438477,-1.6316003799438477,-0.7253503799438477,-1.6941003799438477,5.0
-2.0003268718719482,-2.4222018718719482,-1.4534518718719482,-0.8597018122673035,-2.2347018718719482,5.0
-2.7231650352478027,-3.6606650352478027,-1.9106649160385132,-0.5981649160385132,-1.6137899160385132,5.0
-2.8840417861938477,-4.102791786193848,-2.0402917861938477,-0.5402919054031372,-1.6027919054031372,5.0
-2.662233591079712,-3.474733591079712,-1.834108591079712,-0.6153585314750671,-1.662233591079712,5.0
-2.324441909790039,-3.277566909790039,-1.699441909790039,-0.8244418501853943,-1.480691909790039,5.0
-2.589848041534424,-3.574223041534424,-1.9492230415344238,-0.7617230415344238,-1.2929730415344238,5.0
-2.1491665840148926,-2.4929165840148926,-1.3210417032241821,-0.9304167032241821,-2.1335415840148926,5.0
-3.114175319671631,-4.286050319671631,-2.161050319671631,-0.5516753792762756,-1.4266753196716309,5.0
-1.8287575244903564,-1.9850075244903564,-1.3131325244903564,-1.1412575244903564,-2.3131325244903564,5.0
-3.0075573921203613,-4.820057392120361,-2.7575573921203613,-0.8825574517250061,-0.7888074517250061,5.0
-2.3721282482147217,-2.9502532482147217,-1.6377532482147217,-0.8252531886100769,-1.5440032482147217,5.0
-2.2248425483703613,-2.7560925483703613,-1.6467176675796509,-0.8498426675796509,-1.6154676675796509,4.333333333333333
-2.1722612380981445,-3.7660112380981445,-2.2503862380981445,-0.9691363573074341,-1.000386357307434,5.0
-1.9850523471832275,-2.4225523471832275,-1.5788023471832275,-1.0631773471832275,-1.5631773471832275,5.0
-1.9451048374176025,-2.2732298374176025,-1.3826048374176025,-1.0232298374176025,-2.0232298374176025,5.0
-1.416481375694275,-2.2602314949035645,-1.588356375694275,-1.135231375694275,-2.2602314949035645,5.0
-2.643434524536133,-3.440309524536133,-1.9403095245361328,-0.565309464931488,-1.7371845245361328,5.0
-1.4716572761535645,-0.9716572761535645,-1.1904072761535645,-2.6747822761535645,-4.8310322761535645,5.0
-2.7895312309265137,-4.180156230926514,-2.0707812309265137,-0.5239061117172241,-1.6645311117172241,5.0
-2.582069158554077,-3.878944158554077,-2.550819158554077,-1.0195691585540771,-0.7851941585540771,5.0
-1.7516858577728271,-1.9235608577728271,-1.2829358577728271,-1.1579358577728271,-2.595435857772827,5.0
-3.012485980987549,-3.996860980987549,-2.184360980987549,-0.7624858617782593,-1.0749858617782593,5.0
-1.3960235118865967,-1.6147735118865967,-1.3178985118865967,-1.5210235118865967,-2.8803985118865967,5.0
-2.1828508377075195,-1.885975956916809,-0.9953509569168091,-1.198475956916809,-3.0266008377075195,2.3333333333333335
-0.8226820230484009,-1.2601820230484009,-1.6351820230484009,-2.8383069038391113,-4.650806903839111,3.0
-2.999218702316284,-4.186718463897705,-2.561718702316284,-0.8742186427116394,-0.8429686427116394,5.0
-1.7148226499557495,-1.9179476499557495,-1.3398226499557495,-1.1679476499557495,-2.449197769165039,5.0
-2.6149637699127197,-3.4899637699127197,-1.6305887699127197,-0.583713710308075,-2.0524637699127197,5.0
-1.6950467824935913,-2.116921901702881,-1.2575467824935913,-1.1794217824935913,-2.413796901702881,4.666666666666667
-2.6853480339050293,-3.2790980339050293,-1.8728479146957397,-0.6384729146957397,-1.5915979146957397,5.0
-2.663602828979492,-4.054227828979492,-2.257352828979492,-0.757352888584137,-1.1167278289794922,5.0
-1.9337526559829712,-2.2462525367736816,-1.5275026559829712,-0.9025026559829712,-2.1525025367736816,5.0
-1.6000391244888306,-2.178164005279541,-1.4750391244888306,-1.1781641244888306,-2.021914005279541,5.0
-2.621940851211548,-3.528190851211548,-1.9344408512115479,-0.6063158512115479,-1.6219408512115479,5.0
-1.214707612991333,-1.433457612991333,-1.324082612991333,-1.964707612991333,-3.183457612991333,1.0
-2.393131732940674,-2.830631732940674,-1.5181316137313843,-0.8150066137313843,-1.7368816137313843,5.0
-2.3942322731018066,-3.1598572731018066,-1.6911072731018066,-0.7536072134971619,-1.6286072731018066,5.0
-2.3071866035461426,-3.3696866035461426,-1.9790616035461426,-0.6978115439414978,-1.5103116035461426,5.0
-2.3197340965270996,-2.6322340965270996,-1.27285897731781,-0.8509839773178101,-2.2103590965270996,5.0
-3.2757132053375244,-4.6507134437561035,-3.0569632053375244,-1.1038382053375244,-0.5725882649421692,5.0
-1.7035386562347412,-2.062913656234741,-1.4066636562347412,-1.1722886562347412,-2.094163656234741,5.0
-2.3272972106933594,-2.9366722106933594,-1.4991720914840698,-0.7022970914840698,-2.1866722106933594,5.0
-1.9092234373092651,-1.5342234373092651,-0.8779734373092651,-1.6904734373092651,-4.081098556518555,4.666666666666667
-2.225788116455078,-3.382038116455078,-1.7726632356643677,-0.7414132356643677,-1.6320382356643677,5.0
-2.2740416526794434,-2.7115416526794434,-1.8052916526794434,-1.0240416526794434,-1.2115416526794434,4.666666666666667
-1.099015235900879,-1.380265235900879,-1.411515235900879,-2.192765235900879,-3.239640235900879,1.6666666666666667
-2.6283178329467773,-3.6751928329467773,-1.7845678329467773,-0.5501928925514221,-1.9408178329467773,5.0
-2.780196189880371,-4.514571189880371,-2.811446189880371,-0.9208213090896606,-0.7801963090896606,5.0
-2.1641788482666016,-3.0079288482666016,-1.6798038482666016,-0.7891787886619568,-1.7110538482666016,2.0
-2.7656445503234863,-3.9531445503234863,-2.1562695503234863,-0.5000195503234863,-1.6875195503234863,5.0
-2.179880142211914,-3.226755142211914,-2.039255142211914,-0.9611302614212036,-1.1330052614212036,5.0
-1.8620566129684448,-2.3308067321777344,-1.4870566129684448,-1.0651816129684448,-1.7995566129684448,5.0
-1.2612026929855347,-1.3549526929855347,-1.2924526929855347,-1.9643276929855347,-3.464327812194824,5.0
-2.690493106842041,-3.424868106842041,-1.784243106842041,-0.6123680472373962,-1.721743106842041,5.0
-2.4303364753723145,-3.5709614753723145,-1.867836594581604,-0.570961594581604,-1.899086594581604,5.0
-1.3471064567565918,-1.1596064567565918,-1.1908564567565918,-2.378356456756592,-4.206481456756592,3.6666666666666665
-1.7274998426437378,-1.9306248426437378,-1.3368748426437378,-1.1962498426437378,-2.2899999618530273,5.0
-2.897827625274658,-3.694702625274658,-1.8665776252746582,-0.5853275656700134,-1.6165776252746582,5.0
-2.9745569229125977,-3.7558069229125977,-1.9745569229125977,-0.5526819229125977,-1.5995569229125977,5.0
-1.4343193769454956,-1.7311943769454956,-1.2936943769454956,-1.3718193769454956,-3.121819496154785,2.0
-2.149080753326416,-2.227205753326416,-1.4303306341171265,-1.0240806341171265,-1.7897056341171265,5.0
-2.4702701568603516,-2.8452701568603516,-1.9077701568603516,-0.9233950972557068,-1.1890201568603516,5.0
-1.4179203510284424,-1.2616703510284424,-1.2304203510284424,-1.9804203510284424,-3.5429203510284424,2.3333333333333335
-2.5087435245513916,-2.7274935245513916,-1.4306185245513916,-0.7118685841560364,-2.1649935245513916,5.0
-2.4569928646087646,-2.8788678646087646,-1.1913678646087646,-0.7694928050041199,-2.6913678646087646,5.0
-1.5489476919174194,-2.048947811126709,-1.6583226919174194,-1.3458226919174194,-1.6270726919174194,5.0
-2.49725079536438,-2.98162579536438,-1.4816257953643799,-0.6847507357597351,-2.09100079536438,5.0
-2.8668923377990723,-3.6637673377990723,-2.3200173377990723,-0.8043922185897827,-1.0075172185897827,5.0
-2.7023401260375977,-3.3898401260375977,-1.780465006828308,-0.6710900068283081,-1.561715006828308,5.0
-2.9947497844696045,-4.713500022888184,-2.9322497844696045,-0.9634997844696045,-0.6978747844696045,5.0
-1.6186809539794922,-1.6499309539794922,-1.1030559539794922,-1.4155559539794922,-3.649930953979492,1.0
-2.8102030754089355,-3.9820780754089355,-2.3883280754089355,-0.825827956199646,-0.966452956199646,5.0
-2.4060888290405273,-2.7967138290405273,-1.4217138290405273,-0.7810887694358826,-1.9842138290405273,5.0
-1.6152167320251465,-1.4589667320251465,-1.0995917320251465,-1.6152167320251465,-3.7089667320251465,5.0
-2.049116611480713,-2.345991611480713,-1.267866611480713,-0.9866166114807129,-2.283491611480713,5.0
-2.5645530223846436,-2.9395530223846436,-1.5020530223846436,-0.6426779627799988,-2.2208030223846436,5.0
-2.140871047973633,-2.672121047973633,-1.6252459287643433,-0.8283709287643433,-1.7814959287643433,5.0
-1.7416189908981323,-2.038494110107422,-1.3197439908981323,-1.0384939908981323,-2.850994110107422,1.3333333333333333
-2.5170605182647705,-4.126435279846191,-2.5326855182647705,-1.0170605182647705,-0.7983105182647705,5.0
-1.784785270690918,-2.550410270690918,-1.769160270690918,-1.175410270690918,-1.331660270690918,5.0
-2.5896310806274414,-3.1208810806274414,-1.699006199836731,-0.761506199836731,-1.511506199836731,5.0
-2.0334932804107666,-3.4553682804107666,-1.6428682804107666,-0.8928682804107666,-1.5178682804107666,5.0
-1.4387692213058472,-1.6575192213058472,-1.2512692213058472,-1.5168942213058472,-2.9543943405151367,5.0
-1.654910683631897,-1.201785683631897,-1.092410683631897,-1.983035683631897,-3.7017855644226074,2.3333333333333335
-1.9577083587646484,-2.2858333587646484,-1.3327083587646484,-1.0202083587646484,-2.1295833587646484,5.0
-2.431373357772827,-2.853248357772827,-1.3844983577728271,-0.7282483577728271,-2.228248357772827,5.0
-1.6985512971878052,-1.9173012971878052,-1.1673012971878052,-1.3548012971878052,-2.4954261779785156,5.0
-1.7563258409500122,-2.0844507217407227,-1.6469508409500122,-1.1625758409500122,-1.6625758409500122,5.0
-2.3534622192382812,-2.5097122192382812,-1.4940872192382812,-0.837837278842926,-1.8534622192382812,5.0
-1.3281915187835693,-1.2031915187835693,-1.1563165187835693,-2.3594415187835693,-4.531316757202148,3.6666666666666665
-2.631051540374756,-3.302926540374756,-1.8966764211654663,-0.5998014211654663,-1.7091764211654663,5.0
-2.0651752948760986,-1.7214252948760986,-0.9245503544807434,-1.3464252948760986,-3.7058002948760986,4.333333333333333
-2.3071422576904297,-2.8852672576904297,-1.4477671384811401,-0.7290171384811401,-2.1508922576904297,5.0
-2.1881752014160156,-2.7819252014160156,-1.7194252014160156,-0.8600502014160156,-1.5475502014160156,5.0
-2.3714232444763184,-3.0589232444763184,-1.6526732444763184,-0.6839231848716736,-1.8870482444763184,5.0
-2.2585012912750244,-2.7272512912750244,-1.4928762912750244,-0.7585012912750244,-2.0866262912750244,5.0
-1.8918415307998657,-2.298091411590576,-1.3449665307998657,-0.9699665307998657,-2.376216411590576,4.666666666666667
-1.5915788412094116,-1.4665788412094116,-1.0290788412094116,-1.8103288412094116,-3.654078960418701,5.0
-2.487283706665039,-3.034158706665039,-1.6904088258743286,-0.8154088258743286,-1.4716588258743286,4.666666666666667
-1.8472437858581543,-2.4097437858581543,-1.4097437858581543,-1.0972437858581543,-1.8472437858581543,5.0
-1.904203176498413,-1.841703176498413,-1.044828176498413,-1.419828176498413,-2.451078176498413,5.0
-2.4127328395843506,-3.3189828395843506,-1.8346078395843506,-0.6783578395843506,-1.6314828395843506,5.0
-2.6606383323669434,-3.2231383323669434,-1.7543883323669434,-0.6762632727622986,-1.6137633323669434,5.0
-1.633378028869629,-2.617753028869629,-1.711503028869629,-1.086503028869629,-1.633378028869629,5.0
-1.5977474451065063,-2.269622325897217,-1.4727474451065063,-1.0977474451065063,-2.160247325897217,5.0
-1.4105892181396484,-1.1918392181396484,-1.1293392181396484,-2.2855892181396484,-4.652776718139648,1.0
-2.044304370880127,-3.122429370880127,-1.9818042516708374,-0.9661792516708374,-1.2318042516708374,5.0
-1.9289178848266602,-2.11641788482666,-1.3039178848266602,-1.0851678848266602,-2.19454288482666,5.0
-2.8099563121795654,-3.5443313121795654,-1.9505813121795654,-0.7005813717842102,-1.3412063121795654,5.0
-1.5245459079742432,-1.2432959079742432,-1.0870459079742432,-2.071420907974243,-3.899545907974243,5.0
-2.550537586212158,-3.191162586212158,-1.5974127054214478,-0.7067877054214478,-1.7536627054214478,5.0
-1.126815676689148,-1.298690676689148,-1.361190676689148,-2.2674407958984375,-3.5486907958984375,4.666666666666667
-1.809178113937378,-1.590428113937378,-0.9654281139373779,-1.543553113937378,-3.840428113937378,4.666666666666667
-2.1297192573547363,-2.2547192573547363,-1.2703442573547363,-0.9109693169593811,-2.5047192573547363,3.0
-3.0892415046691895,-4.1517415046691895,-2.7767415046691895,-0.9642414450645447,-0.7142414450645447,5.0
-1.160256266593933,-0.9727562665939331,-1.472756266593933,-2.9258813858032227,-5.043068885803223,2.3333333333333335
-2.6377663612365723,-3.4815163612365723,-1.6377663612365723,-0.5908913612365723,-1.9971413612365723,5.0
-2.478663206100464,-3.259913206100464,-1.7130382061004639,-0.7911632061004639,-1.4630382061004639,5.0
-3.0376598834991455,-4.068909645080566,-2.1626598834991455,-0.7407848238945007,-1.1001598834991455,5.0
-1.766526460647583,-2.532151460647583,-1.797776460647583,-1.172776460647583,-1.407151460647583,5.0
-2.548069953918457,-3.235569953918457,-1.673069953918457,-0.7043198943138123,-1.657444953918457,5.0
-2.4025321006774902,-2.6681571006774902,-1.5119071006774902,-0.7931570410728455,-1.8556571006774902,5.0
-2.195594310760498,-2.320594310760498,-1.2268441915512085,-0.8518441915512085,-2.820594310760498,5.0
-2.4925811290740967,-2.9457061290740967,-1.3988311290740967,-0.7894560694694519,-1.8832061290740967,5.0
-1.6300551891326904,-2.1613051891326904,-1.3331801891326904,-1.1613051891326904,-2.3175551891326904,1.3333333333333333
-2.494389533996582,-3.369389533996582,-1.681889533996582,-0.6193895936012268,-1.916264533996582,5.0
-2.843764066696167,-3.906264066696167,-1.968764066696167,-0.593764066696167,-1.531264066696167,5.0
-2.154186725616455,-1.935436725616455,-0.9666867852210999,-1.138561725616455,-3.622936725616455,5.0
-2.5411198139190674,-3.6036198139190674,-2.1036198139190674,-0.7911198139190674,-1.1817448139190674,5.0
-2.0641024112701416,-2.4547274112701416,-1.4078524112701416,-1.0016024112701416,-1.8297274112701416,5.0
-1.6773228645324707,-1.9273228645324707,-1.3491978645324707,-1.1460728645324707,-2.5835728645324707,5.0
-2.042912483215332,-1.9804123640060425,-1.0585373640060425,-1.1054123640060425,-3.199162483215332,5.0
-2.1427836418151855,-2.4240336418151855,-1.3146586418151855,-0.8771586418151855,-2.3459086418151855,4.0
-2.316871166229248,-3.269996166229248,-1.8793710470199585,-0.9731210470199585,-1.1449960470199585,5.0
-2.637709140777588,-3.418959140777588,-2.168959140777588,-0.8877092599868774,-1.0127092599868774,4.666666666666667
-2.172234058380127,-2.734734058380127,-1.6566089391708374,-0.7816089391708374,-1.8284839391708374,5.0
-2.64762020111084,-3.53824520111084,-1.8663702011108398,-0.6632451415061951,-1.5226202011108398,5.0
-2.240568161010742,-2.959318161010742,-1.7249431610107422,-0.8499431610107422,-1.4749431610107422,5.0
-1.5074288845062256,-1.5543038845062256,-1.2105538845062256,-1.6324288845062256,-2.8511788845062256,2.6666666666666665
-2.5891919136047363,-3.8079419136047363,-2.4329419136047363,-1.0579419136047363,-0.7766919732093811,5.0
-2.4755170345306396,-2.9598920345306396,-1.5380170345306396,-0.7880170941352844,-1.7098920345306396,5.0
-2.819445848464966,-3.928820848464966,-2.256945848464966,-0.7100708484649658,-1.1475708484649658,5.0
-2.587949752807617,-3.666074752807617,-1.7910747528076172,-0.6348247528076172,-1.6660747528076172,5.0
-1.9752888679504395,-2.5065388679504395,-1.5534138679504395,-1.0846638679504395,-1.5377888679504395,4.333333333333333
-1.3193528652191162,-1.0537278652191162,-1.1943528652191162,-2.741227865219116,-5.131853103637695,4.333333333333333
-2.131026268005371,-2.381026268005371,-1.552901268005371,-0.8654012084007263,-1.912276268005371,5.0
-2.3975577354431152,-3.3975577354431152,-1.8819327354431152,-0.7256826758384705,-1.4756827354431152,5.0
-2.2780802249908447,-2.2468302249908447,-1.1218302249908447,-0.8874552845954895,-3.1530802249908447,5.0
-1.9965611696243286,-2.590311050415039,-1.4184361696243286,-0.9028111696243286,-2.059061050415039,5.0
-1.0455955266952515,-1.0924705266952515,-1.4830955266952515,-2.858095645904541,-4.233095645904541,5.0
-2.127851963043213,-2.549726963043213,-1.565351963043213,-0.9247269034385681,-1.674726963043213,5.0
-2.8747146129608154,-4.5465898513793945,-2.7653396129608154,-0.6872146725654602,-1.0309646129608154,5.0
-2.4742119312286377,-3.5992119312286377,-1.8804619312286377,-0.6460869908332825,-1.6304619312286377,5.0
-1.5788207054138184,-1.6413207054138184,-1.2663207054138184,-1.4538207054138184,-2.6725707054138184,4.333333333333333
-1.3452038764953613,-1.4545788764953613,-1.3452038764953613,-1.8452038764953613,-2.6264538764953613,5.0
-2.6283178329467773,-3.6751928329467773,-1.7845678329467773,-0.5501928925514221,-1.9408178329467773,5.0
-2.461986541748047,-2.993236541748047,-1.5401115417480469,-0.6963616013526917,-1.9619865417480469,5.0
-2.947896957397461,-3.322896957397461,-1.635396957397461,-0.6353968977928162,-1.729146957397461,5.0
-1.402371883392334,-1.605496883392334,-1.308621883392334,-1.527371883392334,-2.871121883392334,5.0
-1.9621559381484985,-2.805905818939209,-1.6027809381484985,-0.8527809381484985,-1.8840309381484985,5.0
-1.710261583328247,-2.944636583328247,-1.866511583328247,-1.038386583328247,-1.429011583328247,5.0
-0.9947361350059509,-1.4478611946105957,-1.4947361946105957,-2.1509861946105957,-3.1197361946105957,5.0
-2.72170352935791,-3.72170352935791,-2.15920352935791,-0.7217034101486206,-1.2060784101486206,5.0
-2.1249701976776123,-3.2030951976776123,-1.7499701976776123,-0.8593451976776123,-1.4843451976776123,4.666666666666667
-1.9912455081939697,-2.4912455081939697,-1.5068705081939697,-0.928745448589325,-1.9131205081939697,5.0
-2.60823392868042,-3.28010892868042,-1.67073392868042,-0.6863588690757751,-1.68635892868042,5.0
-2.4846413135528564,-3.0627663135528564,-1.9690163135528564,-0.8908912539482117,-1.1721413135528564,5.0
-3.1084227561950684,-3.9990477561950684,-2.1084227561950684,-0.6709227561950684,-1.2177977561950684,5.0
-2.062835693359375,-2.656585693359375,-1.390960693359375,-0.828460693359375,-2.328460693359375,4.666666666666667
-1.3910937309265137,-1.3285937309265137,-1.2660937309265137,-1.9379687309265137,-2.9848437309265137,5.0
-2.7736077308654785,-3.3673577308654785,-1.9923577308654785,-0.7267326712608337,-1.2892327308654785,5.0
-3.147223711013794,-4.053473472595215,-2.131598711013794,-0.647223711013794,-1.240973711013794,5.0
