Method,Dataset,Dimension,Seed,Width,Coverage
Boosted_cqr,SocREval,cosmos,1,2.9183673469387754,0.9387755102040817
Boosted_cqr,SocREval,cosmos,2,3.260204081632653,0.9591836734693877
Boosted_cqr,SocREval,cosmos,3,3.4285714285714284,1.0
Boosted_cqr,SocREval,cosmos,4,3.193877551020408,0.9183673469387755
Boosted_cqr,SocREval,cosmos,5,3.2857142857142856,0.9591836734693877
Boosted_cqr,SocREval,cosmos,6,3.2142857142857144,0.9693877551020408
Boosted_cqr,SocREval,cosmos,7,3.0153061224489797,0.9285714285714286
Boosted_cqr,SocREval,cosmos,8,3.2551020408163267,0.9693877551020408
Boosted_cqr,SocREval,cosmos,9,3.061224489795918,0.9183673469387755
Boosted_cqr,SocREval,cosmos,10,3.270408163265306,0.9183673469387755
Boosted_cqr,SocREval,cosmos,11,3.357142857142857,0.9795918367346939
Boosted_cqr,SocREval,cosmos,12,3.5,0.9897959183673469
Boosted_cqr,SocREval,cosmos,13,3.122448979591837,0.9489795918367347
Boosted_cqr,SocREval,cosmos,14,3.2755102040816326,0.9693877551020408
Boosted_cqr,SocREval,cosmos,15,3.13265306122449,0.9693877551020408
Boosted_cqr,SocREval,cosmos,16,3.3979591836734695,0.9693877551020408
Boosted_cqr,SocREval,cosmos,17,2.933673469387755,0.9489795918367347
Boosted_cqr,SocREval,cosmos,18,3.163265306122449,0.9591836734693877
Boosted_cqr,SocREval,cosmos,19,3.204081632653061,0.9693877551020408
Boosted_cqr,SocREval,cosmos,20,2.877551020408163,0.8877551020408163
Boosted_cqr,SocREval,cosmos,21,3.1122448979591835,0.9591836734693877
Boosted_cqr,SocREval,cosmos,22,3.2908163265306123,0.9795918367346939
Boosted_cqr,SocREval,cosmos,23,3.142857142857143,0.9693877551020408
Boosted_cqr,SocREval,cosmos,24,3.25,0.9387755102040817
Boosted_cqr,SocREval,cosmos,25,3.336734693877551,0.9795918367346939
Boosted_cqr,SocREval,cosmos,26,3.0918367346938775,0.9081632653061225
Boosted_cqr,SocREval,cosmos,27,3.188775510204082,0.9591836734693877
Boosted_cqr,SocREval,cosmos,28,3.443877551020408,0.9897959183673469
Boosted_cqr,SocREval,cosmos,29,3.122448979591837,0.9795918367346939
Boosted_cqr,SocREval,cosmos,30,3.2857142857142856,0.9795918367346939
Boosted_cqr,SocREval,drop,1,2.6333333333333333,0.9714285714285714
Boosted_cqr,SocREval,drop,2,2.5,0.9142857142857143
Boosted_cqr,SocREval,drop,3,2.7714285714285714,0.9904761904761905
Boosted_cqr,SocREval,drop,4,2.1523809523809523,0.8666666666666667
Boosted_cqr,SocREval,drop,5,3.376190476190476,0.8857142857142857
Boosted_cqr,SocREval,drop,6,2.6809523809523808,0.9047619047619048
Boosted_cqr,SocREval,drop,7,2.419047619047619,0.9142857142857143
Boosted_cqr,SocREval,drop,8,2.257142857142857,0.8952380952380953
Boosted_cqr,SocREval,drop,9,2.5095238095238095,0.9238095238095239
Boosted_cqr,SocREval,drop,10,2.419047619047619,0.9523809523809523
Boosted_cqr,SocREval,drop,11,2.8095238095238093,0.9142857142857143
Boosted_cqr,SocREval,drop,12,2.876190476190476,1.0
Boosted_cqr,SocREval,drop,13,2.085714285714286,0.9142857142857143
Boosted_cqr,SocREval,drop,14,2.6714285714285713,0.9904761904761905
Boosted_cqr,SocREval,drop,15,2.6857142857142855,0.9714285714285714
Boosted_cqr,SocREval,drop,16,2.223809523809524,0.9142857142857143
Boosted_cqr,SocREval,drop,17,2.1809523809523808,0.9047619047619048
Boosted_cqr,SocREval,drop,18,2.8142857142857145,0.9809523809523809
Boosted_cqr,SocREval,drop,19,2.7,0.9619047619047619
Boosted_cqr,SocREval,drop,20,2.242857142857143,0.8857142857142857
Boosted_cqr,SocREval,drop,21,2.557142857142857,0.9333333333333333
Boosted_cqr,SocREval,drop,22,2.257142857142857,0.8857142857142857
Boosted_cqr,SocREval,drop,23,2.5047619047619047,0.9809523809523809
Boosted_cqr,SocREval,drop,24,2.557142857142857,0.9333333333333333
Boosted_cqr,SocREval,drop,25,2.142857142857143,0.9333333333333333
Boosted_cqr,SocREval,drop,26,2.538095238095238,0.9523809523809523
Boosted_cqr,SocREval,drop,27,2.5714285714285716,0.9238095238095239
Boosted_cqr,SocREval,drop,28,2.533333333333333,0.9809523809523809
Boosted_cqr,SocREval,drop,29,2.4761904761904763,0.8761904761904762
Boosted_cqr,SocREval,drop,30,2.4095238095238094,0.9333333333333333
Boosted_cqr,SocREval,esnli,1,1.8486842105263157,0.9473684210526315
Boosted_cqr,SocREval,esnli,2,1.4210526315789473,0.8947368421052632
Boosted_cqr,SocREval,esnli,3,2.3026315789473686,0.9868421052631579
Boosted_cqr,SocREval,esnli,4,1.8026315789473684,0.9473684210526315
Boosted_cqr,SocREval,esnli,5,1.769736842105263,0.9473684210526315
Boosted_cqr,SocREval,esnli,6,1.4473684210526316,0.881578947368421
Boosted_cqr,SocREval,esnli,7,2.125,0.9736842105263158
Boosted_cqr,SocREval,esnli,8,2.085526315789474,0.9342105263157895
Boosted_cqr,SocREval,esnli,9,1.861842105263158,0.9605263157894737
Boosted_cqr,SocREval,esnli,10,1.3157894736842106,0.8421052631578947
Boosted_cqr,SocREval,esnli,11,1.7236842105263157,0.9342105263157895
Boosted_cqr,SocREval,esnli,12,1.394736842105263,0.8552631578947368
Boosted_cqr,SocREval,esnli,13,1.9605263157894737,0.9605263157894737
Boosted_cqr,SocREval,esnli,14,1.7763157894736843,0.9210526315789473
Boosted_cqr,SocREval,esnli,15,1.894736842105263,0.9605263157894737
Boosted_cqr,SocREval,esnli,16,1.8223684210526316,0.9342105263157895
Boosted_cqr,SocREval,esnli,17,1.263157894736842,0.8289473684210527
Boosted_cqr,SocREval,esnli,18,1.7105263157894737,0.9078947368421053
Boosted_cqr,SocREval,esnli,19,1.8026315789473684,0.9342105263157895
Boosted_cqr,SocREval,esnli,20,1.519736842105263,0.9078947368421053
Boosted_cqr,SocREval,esnli,21,2.2302631578947367,0.9736842105263158
Boosted_cqr,SocREval,esnli,22,1.881578947368421,0.9736842105263158
Boosted_cqr,SocREval,esnli,23,1.8486842105263157,0.9473684210526315
Boosted_cqr,SocREval,esnli,24,1.7828947368421053,0.9342105263157895
Boosted_cqr,SocREval,esnli,25,1.8486842105263157,0.9473684210526315
Boosted_cqr,SocREval,esnli,26,1.7105263157894737,0.8947368421052632
Boosted_cqr,SocREval,esnli,27,1.756578947368421,0.9605263157894737
Boosted_cqr,SocREval,esnli,28,1.763157894736842,0.9473684210526315
Boosted_cqr,SocREval,esnli,29,2.0789473684210527,0.9736842105263158
Boosted_cqr,SocREval,esnli,30,1.9671052631578947,0.9605263157894737
Boosted_cqr,SocREval,gsm8k,1,2.985,0.95
Boosted_cqr,SocREval,gsm8k,2,2.06,0.85
Boosted_cqr,SocREval,gsm8k,3,3.15,0.97
Boosted_cqr,SocREval,gsm8k,4,2.915,0.92
Boosted_cqr,SocREval,gsm8k,5,2.84,0.94
Boosted_cqr,SocREval,gsm8k,6,2.97,0.94
Boosted_cqr,SocREval,gsm8k,7,2.995,0.9
Boosted_cqr,SocREval,gsm8k,8,3.49,0.98
Boosted_cqr,SocREval,gsm8k,9,3.005,0.93
Boosted_cqr,SocREval,gsm8k,10,2.825,0.86
Boosted_cqr,SocREval,gsm8k,11,2.975,0.92
Boosted_cqr,SocREval,gsm8k,12,3.19,0.96
Boosted_cqr,SocREval,gsm8k,13,2.53,0.89
Boosted_cqr,SocREval,gsm8k,14,3.23,0.91
Boosted_cqr,SocREval,gsm8k,15,2.475,0.84
Boosted_cqr,SocREval,gsm8k,16,3.05,0.94
Boosted_cqr,SocREval,gsm8k,17,3.01,0.93
Boosted_cqr,SocREval,gsm8k,18,2.89,0.91
Boosted_cqr,SocREval,gsm8k,19,3.055,0.93
Boosted_cqr,SocREval,gsm8k,20,2.825,0.94
Boosted_cqr,SocREval,gsm8k,21,2.6,0.92
Boosted_cqr,SocREval,gsm8k,22,2.835,0.9
Boosted_cqr,SocREval,gsm8k,23,2.28,0.87
Boosted_cqr,SocREval,gsm8k,24,2.9,0.93
Boosted_cqr,SocREval,gsm8k,25,3.13,0.95
Boosted_cqr,SocREval,gsm8k,26,3.18,0.97
Boosted_cqr,SocREval,gsm8k,27,3.175,0.91
Boosted_cqr,SocREval,gsm8k,28,2.845,0.9
Boosted_cqr,SocREval,gsm8k,29,3.045,0.91
Boosted_cqr,SocREval,gsm8k,30,3.88,1.0
Boosted_lcp,SocREval,cosmos,1,3.316326530612245,0.9591836734693877
Boosted_lcp,SocREval,cosmos,2,3.270408163265306,0.9387755102040817
Boosted_lcp,SocREval,cosmos,3,4.0,1.0
Boosted_lcp,SocREval,cosmos,4,4.0,1.0
Boosted_lcp,SocREval,cosmos,5,3.295918367346939,0.9489795918367347
Boosted_lcp,SocREval,cosmos,6,3.336734693877551,0.9489795918367347
Boosted_lcp,SocREval,cosmos,7,3.183673469387755,0.8673469387755102
Boosted_lcp,SocREval,cosmos,8,3.2857142857142856,0.9591836734693877
Boosted_lcp,SocREval,cosmos,9,3.326530612244898,0.9387755102040817
Boosted_lcp,SocREval,cosmos,10,3.36734693877551,0.9693877551020408
Boosted_lcp,SocREval,cosmos,11,3.4693877551020407,0.9693877551020408
Boosted_lcp,SocREval,cosmos,12,4.0,1.0
Boosted_lcp,SocREval,cosmos,13,3.438775510204082,0.9693877551020408
Boosted_lcp,SocREval,cosmos,14,3.204081632653061,0.8775510204081632
Boosted_lcp,SocREval,cosmos,15,4.0,1.0
Boosted_lcp,SocREval,cosmos,16,3.2448979591836733,0.9387755102040817
Boosted_lcp,SocREval,cosmos,17,4.0,1.0
Boosted_lcp,SocREval,cosmos,18,3.316326530612245,0.9591836734693877
Boosted_lcp,SocREval,cosmos,19,3.3877551020408165,0.9591836734693877
Boosted_lcp,SocREval,cosmos,20,3.2857142857142856,0.9387755102040817
Boosted_lcp,SocREval,cosmos,21,3.336734693877551,0.9591836734693877
Boosted_lcp,SocREval,cosmos,22,3.36734693877551,0.9693877551020408
Boosted_lcp,SocREval,cosmos,23,3.306122448979592,0.9489795918367347
Boosted_lcp,SocREval,cosmos,24,3.2142857142857144,0.8979591836734694
Boosted_lcp,SocREval,cosmos,25,3.4693877551020407,0.9897959183673469
Boosted_lcp,SocREval,cosmos,26,3.316326530612245,0.9489795918367347
Boosted_lcp,SocREval,cosmos,27,3.326530612244898,0.9693877551020408
Boosted_lcp,SocREval,cosmos,28,4.0,1.0
Boosted_lcp,SocREval,cosmos,29,3.4744897959183674,0.9897959183673469
Boosted_lcp,SocREval,cosmos,30,3.306122448979592,0.9693877551020408
Boosted_lcp,SocREval,drop,1,2.6476190476190475,0.9523809523809523
Boosted_lcp,SocREval,drop,2,2.7095238095238097,0.9238095238095239
Boosted_lcp,SocREval,drop,3,2.7904761904761903,0.9523809523809523
Boosted_lcp,SocREval,drop,4,3.142857142857143,0.9428571428571428
Boosted_lcp,SocREval,drop,5,3.1619047619047618,0.9523809523809523
Boosted_lcp,SocREval,drop,6,2.6952380952380954,0.9047619047619048
Boosted_lcp,SocREval,drop,7,3.066666666666667,0.9428571428571428
Boosted_lcp,SocREval,drop,8,2.638095238095238,0.9238095238095239
Boosted_lcp,SocREval,drop,9,3.1523809523809523,0.9523809523809523
Boosted_lcp,SocREval,drop,10,2.676190476190476,0.8666666666666667
Boosted_lcp,SocREval,drop,11,2.742857142857143,0.9333333333333333
Boosted_lcp,SocREval,drop,12,3.066666666666667,0.9714285714285714
Boosted_lcp,SocREval,drop,13,2.2666666666666666,0.8857142857142857
Boosted_lcp,SocREval,drop,14,3.085714285714286,0.9047619047619048
Boosted_lcp,SocREval,drop,15,3.323809523809524,0.9904761904761905
Boosted_lcp,SocREval,drop,16,2.419047619047619,0.9047619047619048
Boosted_lcp,SocREval,drop,17,3.085714285714286,0.9333333333333333
Boosted_lcp,SocREval,drop,18,3.0761904761904764,0.9523809523809523
Boosted_lcp,SocREval,drop,19,2.4857142857142858,0.9047619047619048
Boosted_lcp,SocREval,drop,20,2.5714285714285716,0.8666666666666667
Boosted_lcp,SocREval,drop,21,2.9761904761904763,0.9428571428571428
Boosted_lcp,SocREval,drop,22,2.638095238095238,0.8952380952380953
Boosted_lcp,SocREval,drop,23,3.1142857142857143,0.9333333333333333
Boosted_lcp,SocREval,drop,24,2.723809523809524,0.8666666666666667
Boosted_lcp,SocREval,drop,25,2.3333333333333335,0.9047619047619048
Boosted_lcp,SocREval,drop,26,2.295238095238095,0.8285714285714286
Boosted_lcp,SocREval,drop,27,2.380952380952381,0.8952380952380953
Boosted_lcp,SocREval,drop,28,2.8095238095238093,0.9619047619047619
Boosted_lcp,SocREval,drop,29,2.8190476190476192,0.9428571428571428
Boosted_lcp,SocREval,drop,30,3.0095238095238095,0.8476190476190476
Boosted_lcp,SocREval,esnli,1,2.0526315789473686,0.9736842105263158
Boosted_lcp,SocREval,esnli,2,1.8026315789473684,0.9473684210526315
Boosted_lcp,SocREval,esnli,3,1.8421052631578947,0.9736842105263158
Boosted_lcp,SocREval,esnli,4,2.0,0.9342105263157895
Boosted_lcp,SocREval,esnli,5,1.868421052631579,0.9210526315789473
Boosted_lcp,SocREval,esnli,6,1.6842105263157894,0.881578947368421
Boosted_lcp,SocREval,esnli,7,1.7894736842105263,0.9736842105263158
Boosted_lcp,SocREval,esnli,8,1.9210526315789473,0.9078947368421053
Boosted_lcp,SocREval,esnli,9,2.0,0.9342105263157895
Boosted_lcp,SocREval,esnli,10,2.0,0.9078947368421053
Boosted_lcp,SocREval,esnli,11,1.7763157894736843,0.9078947368421053
Boosted_lcp,SocREval,esnli,12,1.8157894736842106,0.9210526315789473
Boosted_lcp,SocREval,esnli,13,2.0,0.9342105263157895
Boosted_lcp,SocREval,esnli,14,1.6973684210526316,0.9078947368421053
Boosted_lcp,SocREval,esnli,15,1.75,0.9473684210526315
Boosted_lcp,SocREval,esnli,16,1.8421052631578947,0.9210526315789473
Boosted_lcp,SocREval,esnli,17,1.756578947368421,0.9342105263157895
Boosted_lcp,SocREval,esnli,18,2.0,0.9078947368421053
Boosted_lcp,SocREval,esnli,19,1.6710526315789473,0.9078947368421053
Boosted_lcp,SocREval,esnli,20,2.0,0.9078947368421053
Boosted_lcp,SocREval,esnli,21,1.7763157894736843,0.9078947368421053
Boosted_lcp,SocREval,esnli,22,2.039473684210526,0.9868421052631579
Boosted_lcp,SocREval,esnli,23,2.0,0.9342105263157895
Boosted_lcp,SocREval,esnli,24,2.0,0.9342105263157895
Boosted_lcp,SocREval,esnli,25,2.0,0.9605263157894737
Boosted_lcp,SocREval,esnli,26,1.8223684210526316,0.9078947368421053
Boosted_lcp,SocREval,esnli,27,2.0657894736842106,0.9736842105263158
Boosted_lcp,SocREval,esnli,28,2.0,0.9078947368421053
Boosted_lcp,SocREval,esnli,29,1.5263157894736843,0.8947368421052632
Boosted_lcp,SocREval,esnli,30,1.6973684210526316,0.9078947368421053
Boosted_lcp,SocREval,gsm8k,1,3.21,0.87
Boosted_lcp,SocREval,gsm8k,2,3.31,0.92
Boosted_lcp,SocREval,gsm8k,3,3.32,0.94
Boosted_lcp,SocREval,gsm8k,4,3.25,0.91
Boosted_lcp,SocREval,gsm8k,5,3.36,0.98
Boosted_lcp,SocREval,gsm8k,6,3.24,0.93
Boosted_lcp,SocREval,gsm8k,7,3.39,0.94
Boosted_lcp,SocREval,gsm8k,8,3.25,0.94
Boosted_lcp,SocREval,gsm8k,9,4.0,1.0
Boosted_lcp,SocREval,gsm8k,10,4.0,1.0
Boosted_lcp,SocREval,gsm8k,11,3.665,1.0
Boosted_lcp,SocREval,gsm8k,12,3.34,0.95
Boosted_lcp,SocREval,gsm8k,13,3.3,0.92
Boosted_lcp,SocREval,gsm8k,14,3.19,0.85
Boosted_lcp,SocREval,gsm8k,15,3.15,0.89
Boosted_lcp,SocREval,gsm8k,16,3.24,0.9
Boosted_lcp,SocREval,gsm8k,17,3.3,0.94
Boosted_lcp,SocREval,gsm8k,18,3.24,0.93
Boosted_lcp,SocREval,gsm8k,19,3.43,0.98
Boosted_lcp,SocREval,gsm8k,20,3.17,0.88
Boosted_lcp,SocREval,gsm8k,21,3.33,0.91
Boosted_lcp,SocREval,gsm8k,22,3.34,0.93
Boosted_lcp,SocREval,gsm8k,23,3.3,0.92
Boosted_lcp,SocREval,gsm8k,24,3.33,0.95
Boosted_lcp,SocREval,gsm8k,25,3.37,0.97
Boosted_lcp,SocREval,gsm8k,26,3.47,0.97
Boosted_lcp,SocREval,gsm8k,27,3.4,0.98
Boosted_lcp,SocREval,gsm8k,28,3.27,0.9
Boosted_lcp,SocREval,gsm8k,29,3.28,0.9
Boosted_lcp,SocREval,gsm8k,30,3.4,0.99
CHR,SocREval,cosmos,1,2.25,0.8469387755102041
CHR,SocREval,cosmos,2,2.688775510204082,0.8877551020408163
CHR,SocREval,cosmos,3,2.7244897959183674,0.826530612244898
CHR,SocREval,cosmos,4,2.9948979591836733,0.9081632653061225
CHR,SocREval,cosmos,5,2.683673469387755,0.8469387755102041
CHR,SocREval,cosmos,6,2.877551020408163,0.9285714285714286
CHR,SocREval,cosmos,7,2.7551020408163267,0.8877551020408163
CHR,SocREval,cosmos,8,3.1122448979591835,0.9285714285714286
CHR,SocREval,cosmos,9,2.673469387755102,0.8775510204081632
CHR,SocREval,cosmos,10,2.7448979591836733,0.8163265306122449
CHR,SocREval,cosmos,11,2.9030612244897958,0.9183673469387755
CHR,SocREval,cosmos,12,2.38265306122449,0.8469387755102041
CHR,SocREval,cosmos,13,2.4591836734693877,0.8775510204081632
CHR,SocREval,cosmos,14,2.913265306122449,0.9183673469387755
CHR,SocREval,cosmos,15,2.8316326530612246,0.8979591836734694
CHR,SocREval,cosmos,16,2.9030612244897958,0.8877551020408163
CHR,SocREval,cosmos,17,2.3214285714285716,0.7857142857142857
CHR,SocREval,cosmos,18,2.2193877551020407,0.8061224489795918
CHR,SocREval,cosmos,19,3.0510204081632653,0.9183673469387755
CHR,SocREval,cosmos,20,2.4183673469387754,0.7857142857142857
CHR,SocREval,cosmos,21,2.5051020408163267,0.8775510204081632
CHR,SocREval,cosmos,22,3.122448979591837,0.9489795918367347
CHR,SocREval,cosmos,23,2.056122448979592,0.6836734693877551
CHR,SocREval,cosmos,24,2.8316326530612246,0.8979591836734694
CHR,SocREval,cosmos,25,2.943877551020408,0.8979591836734694
CHR,SocREval,cosmos,26,2.3877551020408165,0.8163265306122449
CHR,SocREval,cosmos,27,2.510204081632653,0.8775510204081632
CHR,SocREval,cosmos,28,2.923469387755102,0.8979591836734694
CHR,SocREval,cosmos,29,3.0714285714285716,0.9081632653061225
CHR,SocREval,cosmos,30,2.316326530612245,0.8367346938775511
CHR,SocREval,drop,1,2.1333333333333333,0.8380952380952381
CHR,SocREval,drop,2,1.9285714285714286,0.8952380952380953
CHR,SocREval,drop,3,2.3285714285714287,0.8952380952380953
CHR,SocREval,drop,4,1.8857142857142857,0.819047619047619
CHR,SocREval,drop,5,1.6523809523809523,0.8
CHR,SocREval,drop,6,1.7809523809523808,0.8666666666666667
CHR,SocREval,drop,7,1.838095238095238,0.819047619047619
CHR,SocREval,drop,8,1.776190476190476,0.8476190476190476
CHR,SocREval,drop,9,2.204761904761905,0.8476190476190476
CHR,SocREval,drop,10,2.0904761904761906,0.8952380952380953
CHR,SocREval,drop,11,1.6333333333333333,0.8
CHR,SocREval,drop,12,2.176190476190476,0.8666666666666667
CHR,SocREval,drop,13,1.7047619047619047,0.8571428571428571
CHR,SocREval,drop,14,2.1,0.9142857142857143
CHR,SocREval,drop,15,1.9476190476190476,0.8666666666666667
CHR,SocREval,drop,16,1.7095238095238094,0.8666666666666667
CHR,SocREval,drop,17,1.7809523809523808,0.8285714285714286
CHR,SocREval,drop,18,2.138095238095238,0.9047619047619048
CHR,SocREval,drop,19,2.0476190476190474,0.8666666666666667
CHR,SocREval,drop,20,1.723809523809524,0.8476190476190476
CHR,SocREval,drop,21,2.5142857142857142,0.9047619047619048
CHR,SocREval,drop,22,1.9714285714285715,0.8476190476190476
CHR,SocREval,drop,23,2.2476190476190476,0.8857142857142857
CHR,SocREval,drop,24,2.2714285714285714,0.8476190476190476
CHR,SocREval,drop,25,1.7666666666666666,0.8476190476190476
CHR,SocREval,drop,26,1.9666666666666666,0.8761904761904762
CHR,SocREval,drop,27,1.723809523809524,0.8285714285714286
CHR,SocREval,drop,28,1.8857142857142857,0.9142857142857143
CHR,SocREval,drop,29,2.1476190476190475,0.8380952380952381
CHR,SocREval,drop,30,1.9952380952380953,0.8380952380952381
CHR,SocREval,esnli,1,1.2960526315789473,0.881578947368421
CHR,SocREval,esnli,2,1.375,0.868421052631579
CHR,SocREval,esnli,3,1.506578947368421,0.868421052631579
CHR,SocREval,esnli,4,1.631578947368421,0.8947368421052632
CHR,SocREval,esnli,5,1.4210526315789473,0.9078947368421053
CHR,SocREval,esnli,6,1.3223684210526316,0.8157894736842105
CHR,SocREval,esnli,7,1.6513157894736843,0.8947368421052632
CHR,SocREval,esnli,8,1.3092105263157894,0.8421052631578947
CHR,SocREval,esnli,9,1.243421052631579,0.8552631578947368
CHR,SocREval,esnli,10,1.0855263157894737,0.7631578947368421
CHR,SocREval,esnli,11,1.236842105263158,0.8552631578947368
CHR,SocREval,esnli,12,1.125,0.8289473684210527
CHR,SocREval,esnli,13,1.4605263157894737,0.8947368421052632
CHR,SocREval,esnli,14,1.3026315789473684,0.8157894736842105
CHR,SocREval,esnli,15,1.5263157894736843,0.9342105263157895
CHR,SocREval,esnli,16,1.486842105263158,0.8157894736842105
CHR,SocREval,esnli,17,1.125,0.7236842105263158
CHR,SocREval,esnli,18,1.3092105263157894,0.868421052631579
CHR,SocREval,esnli,19,1.25,0.8289473684210527
CHR,SocREval,esnli,20,1.1776315789473684,0.8026315789473685
CHR,SocREval,esnli,21,1.644736842105263,0.9078947368421053
CHR,SocREval,esnli,22,1.4013157894736843,0.868421052631579
CHR,SocREval,esnli,23,1.513157894736842,0.8552631578947368
CHR,SocREval,esnli,24,1.269736842105263,0.868421052631579
CHR,SocREval,esnli,25,1.5789473684210527,0.9078947368421053
CHR,SocREval,esnli,26,1.4736842105263157,0.8552631578947368
CHR,SocREval,esnli,27,1.513157894736842,0.9078947368421053
CHR,SocREval,esnli,28,1.263157894736842,0.868421052631579
CHR,SocREval,esnli,29,1.5855263157894737,0.9342105263157895
CHR,SocREval,esnli,30,1.519736842105263,0.8552631578947368
CHR,SocREval,gsm8k,1,1.595,0.86
CHR,SocREval,gsm8k,2,0.68,0.76
CHR,SocREval,gsm8k,3,1.235,0.83
CHR,SocREval,gsm8k,4,2.72,0.87
CHR,SocREval,gsm8k,5,1.245,0.84
CHR,SocREval,gsm8k,6,1.59,0.88
CHR,SocREval,gsm8k,7,2.52,0.87
CHR,SocREval,gsm8k,8,1.035,0.87
CHR,SocREval,gsm8k,9,2.645,0.88
CHR,SocREval,gsm8k,10,2.385,0.85
CHR,SocREval,gsm8k,11,2.435,0.9
CHR,SocREval,gsm8k,12,2.76,0.92
CHR,SocREval,gsm8k,13,2.425,0.88
CHR,SocREval,gsm8k,14,2.015,0.88
CHR,SocREval,gsm8k,15,0.835,0.75
CHR,SocREval,gsm8k,16,3.005,0.89
CHR,SocREval,gsm8k,17,1.615,0.86
CHR,SocREval,gsm8k,18,1.975,0.87
CHR,SocREval,gsm8k,19,2.66,0.92
CHR,SocREval,gsm8k,20,1.36,0.83
CHR,SocREval,gsm8k,21,2.44,0.85
CHR,SocREval,gsm8k,22,1.215,0.82
CHR,SocREval,gsm8k,23,2.42,0.87
CHR,SocREval,gsm8k,24,2.575,0.92
CHR,SocREval,gsm8k,25,2.82,0.91
CHR,SocREval,gsm8k,26,2.48,0.92
CHR,SocREval,gsm8k,27,2.38,0.88
CHR,SocREval,gsm8k,28,1.145,0.83
CHR,SocREval,gsm8k,29,1.075,0.81
CHR,SocREval,gsm8k,30,2.92,0.96
CQR_asym,SocREval,cosmos,1,3.4081632653061225,0.9693877551020408
CQR_asym,SocREval,cosmos,2,4.0,1.0
CQR_asym,SocREval,cosmos,3,4.0,1.0
CQR_asym,SocREval,cosmos,4,3.438775510204082,0.9795918367346939
CQR_asym,SocREval,cosmos,5,3.9591836734693877,1.0
CQR_asym,SocREval,cosmos,6,3.938775510204082,0.9795918367346939
CQR_asym,SocREval,cosmos,7,3.989795918367347,1.0
CQR_asym,SocREval,cosmos,8,3.979591836734694,1.0
CQR_asym,SocREval,cosmos,9,4.0,1.0
CQR_asym,SocREval,cosmos,10,4.0,1.0
CQR_asym,SocREval,cosmos,11,3.4489795918367347,0.9693877551020408
CQR_asym,SocREval,cosmos,12,3.938775510204082,1.0
CQR_asym,SocREval,cosmos,13,4.0,1.0
CQR_asym,SocREval,cosmos,14,4.0,1.0
CQR_asym,SocREval,cosmos,15,4.0,1.0
CQR_asym,SocREval,cosmos,16,3.9183673469387754,1.0
CQR_asym,SocREval,cosmos,17,3.4489795918367347,0.9795918367346939
CQR_asym,SocREval,cosmos,18,3.5408163265306123,0.9693877551020408
CQR_asym,SocREval,cosmos,19,4.0,1.0
CQR_asym,SocREval,cosmos,20,3.336734693877551,0.9387755102040817
CQR_asym,SocREval,cosmos,21,3.4183673469387754,0.9693877551020408
CQR_asym,SocREval,cosmos,22,4.0,1.0
CQR_asym,SocREval,cosmos,23,4.0,1.0
CQR_asym,SocREval,cosmos,24,4.0,1.0
CQR_asym,SocREval,cosmos,25,4.0,1.0
CQR_asym,SocREval,cosmos,26,3.979591836734694,0.9897959183673469
CQR_asym,SocREval,cosmos,27,4.0,1.0
CQR_asym,SocREval,cosmos,28,3.5306122448979593,0.9795918367346939
CQR_asym,SocREval,cosmos,29,3.938775510204082,1.0
CQR_asym,SocREval,cosmos,30,4.0,1.0
CQR_asym,SocREval,drop,1,4.0,1.0
CQR_asym,SocREval,drop,2,4.0,1.0
CQR_asym,SocREval,drop,3,4.0,1.0
CQR_asym,SocREval,drop,4,4.0,1.0
CQR_asym,SocREval,drop,5,3.857142857142857,0.9809523809523809
CQR_asym,SocREval,drop,6,4.0,1.0
CQR_asym,SocREval,drop,7,3.942857142857143,1.0
CQR_asym,SocREval,drop,8,4.0,1.0
CQR_asym,SocREval,drop,9,4.0,1.0
CQR_asym,SocREval,drop,10,3.0,0.8476190476190476
CQR_asym,SocREval,drop,11,4.0,1.0
CQR_asym,SocREval,drop,12,4.0,1.0
CQR_asym,SocREval,drop,13,4.0,1.0
CQR_asym,SocREval,drop,14,3.761904761904762,0.9809523809523809
CQR_asym,SocREval,drop,15,4.0,1.0
CQR_asym,SocREval,drop,16,4.0,1.0
CQR_asym,SocREval,drop,17,4.0,1.0
CQR_asym,SocREval,drop,18,3.9523809523809526,0.9714285714285714
CQR_asym,SocREval,drop,19,4.0,1.0
CQR_asym,SocREval,drop,20,4.0,1.0
CQR_asym,SocREval,drop,21,4.0,1.0
CQR_asym,SocREval,drop,22,3.9238095238095236,1.0
CQR_asym,SocREval,drop,23,4.0,1.0
CQR_asym,SocREval,drop,24,4.0,1.0
CQR_asym,SocREval,drop,25,4.0,1.0
CQR_asym,SocREval,drop,26,4.0,1.0
CQR_asym,SocREval,drop,27,4.0,1.0
CQR_asym,SocREval,drop,28,4.0,1.0
CQR_asym,SocREval,drop,29,4.0,1.0
CQR_asym,SocREval,drop,30,4.0,1.0
CQR_asym,SocREval,esnli,1,3.026315789473684,1.0
CQR_asym,SocREval,esnli,2,3.026315789473684,1.0
CQR_asym,SocREval,esnli,3,2.8421052631578947,0.9605263157894737
CQR_asym,SocREval,esnli,4,3.75,0.9736842105263158
CQR_asym,SocREval,esnli,5,3.960526315789474,0.9605263157894737
CQR_asym,SocREval,esnli,6,1.7105263157894737,0.8947368421052632
CQR_asym,SocREval,esnli,7,3.0,0.9868421052631579
CQR_asym,SocREval,esnli,8,4.0,1.0
CQR_asym,SocREval,esnli,9,2.1710526315789473,0.9473684210526315
CQR_asym,SocREval,esnli,10,2.9539473684210527,0.9342105263157895
CQR_asym,SocREval,esnli,11,3.0921052631578947,1.0
CQR_asym,SocREval,esnli,12,3.6578947368421053,0.9868421052631579
CQR_asym,SocREval,esnli,13,3.026315789473684,1.0
CQR_asym,SocREval,esnli,14,2.763157894736842,0.8157894736842105
CQR_asym,SocREval,esnli,15,3.026315789473684,1.0
CQR_asym,SocREval,esnli,16,1.6842105263157894,0.868421052631579
CQR_asym,SocREval,esnli,17,2.026315789473684,0.9473684210526315
CQR_asym,SocREval,esnli,18,2.1315789473684212,0.9342105263157895
CQR_asym,SocREval,esnli,19,3.039473684210526,1.0
CQR_asym,SocREval,esnli,20,3.039473684210526,1.0
CQR_asym,SocREval,esnli,21,1.9473684210526316,0.9342105263157895
CQR_asym,SocREval,esnli,22,2.960526315789474,1.0
CQR_asym,SocREval,esnli,23,3.6842105263157894,0.9736842105263158
CQR_asym,SocREval,esnli,24,2.973684210526316,0.9605263157894737
CQR_asym,SocREval,esnli,25,2.75,0.9473684210526315
CQR_asym,SocREval,esnli,26,3.0,0.9868421052631579
CQR_asym,SocREval,esnli,27,2.0,0.9473684210526315
CQR_asym,SocREval,esnli,28,3.026315789473684,0.9868421052631579
CQR_asym,SocREval,esnli,29,3.1842105263157894,1.0
CQR_asym,SocREval,esnli,30,3.0,0.9868421052631579
CQR_asym,SocREval,gsm8k,1,4.0,1.0
CQR_asym,SocREval,gsm8k,2,3.15,0.91
CQR_asym,SocREval,gsm8k,3,4.0,1.0
CQR_asym,SocREval,gsm8k,4,4.0,1.0
CQR_asym,SocREval,gsm8k,5,4.0,1.0
CQR_asym,SocREval,gsm8k,6,3.99,0.99
CQR_asym,SocREval,gsm8k,7,4.0,1.0
CQR_asym,SocREval,gsm8k,8,4.0,1.0
CQR_asym,SocREval,gsm8k,9,3.56,0.97
CQR_asym,SocREval,gsm8k,10,4.0,1.0
CQR_asym,SocREval,gsm8k,11,3.22,0.94
CQR_asym,SocREval,gsm8k,12,4.0,1.0
CQR_asym,SocREval,gsm8k,13,4.0,1.0
CQR_asym,SocREval,gsm8k,14,4.0,1.0
CQR_asym,SocREval,gsm8k,15,4.0,1.0
CQR_asym,SocREval,gsm8k,16,3.5,0.97
CQR_asym,SocREval,gsm8k,17,4.0,1.0
CQR_asym,SocREval,gsm8k,18,4.0,1.0
CQR_asym,SocREval,gsm8k,19,4.0,1.0
CQR_asym,SocREval,gsm8k,20,3.75,0.96
CQR_asym,SocREval,gsm8k,21,3.9,0.99
CQR_asym,SocREval,gsm8k,22,3.01,0.92
CQR_asym,SocREval,gsm8k,23,4.0,1.0
CQR_asym,SocREval,gsm8k,24,4.0,1.0
CQR_asym,SocREval,gsm8k,25,4.0,1.0
CQR_asym,SocREval,gsm8k,26,3.72,0.97
CQR_asym,SocREval,gsm8k,27,4.0,1.0
CQR_asym,SocREval,gsm8k,28,4.0,1.0
CQR_asym,SocREval,gsm8k,29,3.52,0.92
CQR_asym,SocREval,gsm8k,30,4.0,1.0
CQR_sym,SocREval,cosmos,1,3.3979591836734695,0.9693877551020408
CQR_sym,SocREval,cosmos,2,3.4489795918367347,0.9693877551020408
CQR_sym,SocREval,cosmos,3,3.9591836734693877,1.0
CQR_sym,SocREval,cosmos,4,3.438775510204082,0.9795918367346939
CQR_sym,SocREval,cosmos,5,3.938775510204082,1.0
CQR_sym,SocREval,cosmos,6,3.357142857142857,0.9489795918367347
CQR_sym,SocREval,cosmos,7,3.377551020408163,0.9693877551020408
CQR_sym,SocREval,cosmos,8,3.36734693877551,0.9489795918367347
CQR_sym,SocREval,cosmos,9,3.4489795918367347,0.9693877551020408
CQR_sym,SocREval,cosmos,10,3.510204081632653,0.9795918367346939
CQR_sym,SocREval,cosmos,11,3.4489795918367347,0.9693877551020408
CQR_sym,SocREval,cosmos,12,3.9081632653061225,1.0
CQR_sym,SocREval,cosmos,13,3.2551020408163267,0.9285714285714286
CQR_sym,SocREval,cosmos,14,3.510204081632653,0.9795918367346939
CQR_sym,SocREval,cosmos,15,3.510204081632653,0.9897959183673469
CQR_sym,SocREval,cosmos,16,3.306122448979592,0.9489795918367347
CQR_sym,SocREval,cosmos,17,3.4489795918367347,0.9795918367346939
CQR_sym,SocREval,cosmos,18,3.5408163265306123,0.9693877551020408
CQR_sym,SocREval,cosmos,19,3.36734693877551,0.9795918367346939
CQR_sym,SocREval,cosmos,20,3.336734693877551,0.9387755102040817
CQR_sym,SocREval,cosmos,21,3.4183673469387754,0.9693877551020408
CQR_sym,SocREval,cosmos,22,3.438775510204082,0.9795918367346939
CQR_sym,SocREval,cosmos,23,3.510204081632653,0.9693877551020408
CQR_sym,SocREval,cosmos,24,3.204081632653061,0.8775510204081632
CQR_sym,SocREval,cosmos,25,3.7142857142857144,0.9795918367346939
CQR_sym,SocREval,cosmos,26,3.336734693877551,0.9489795918367347
CQR_sym,SocREval,cosmos,27,3.5306122448979593,0.9387755102040817
CQR_sym,SocREval,cosmos,28,3.5306122448979593,0.9795918367346939
CQR_sym,SocREval,cosmos,29,3.36734693877551,0.9897959183673469
CQR_sym,SocREval,cosmos,30,3.5816326530612246,0.9897959183673469
CQR_sym,SocREval,drop,1,3.723809523809524,0.9428571428571428
CQR_sym,SocREval,drop,2,4.0,1.0
CQR_sym,SocREval,drop,3,3.961904761904762,0.9714285714285714
CQR_sym,SocREval,drop,4,3.4380952380952383,0.9142857142857143
CQR_sym,SocREval,drop,5,3.361904761904762,0.8761904761904762
CQR_sym,SocREval,drop,6,3.657142857142857,0.9333333333333333
CQR_sym,SocREval,drop,7,3.942857142857143,1.0
CQR_sym,SocREval,drop,8,4.0,1.0
CQR_sym,SocREval,drop,9,3.780952380952381,0.9619047619047619
CQR_sym,SocREval,drop,10,3.742857142857143,0.9428571428571428
CQR_sym,SocREval,drop,11,3.7714285714285714,0.9619047619047619
CQR_sym,SocREval,drop,12,3.6285714285714286,0.8666666666666667
CQR_sym,SocREval,drop,13,4.0,1.0
CQR_sym,SocREval,drop,14,3.761904761904762,0.9809523809523809
CQR_sym,SocREval,drop,15,3.7904761904761903,0.9809523809523809
CQR_sym,SocREval,drop,16,4.0,1.0
CQR_sym,SocREval,drop,17,4.0,1.0
CQR_sym,SocREval,drop,18,3.9523809523809526,0.9714285714285714
CQR_sym,SocREval,drop,19,3.323809523809524,0.9333333333333333
CQR_sym,SocREval,drop,20,4.0,1.0
CQR_sym,SocREval,drop,21,4.0,1.0
CQR_sym,SocREval,drop,22,3.7714285714285714,0.9904761904761905
CQR_sym,SocREval,drop,23,4.0,1.0
CQR_sym,SocREval,drop,24,3.7523809523809524,0.9523809523809523
CQR_sym,SocREval,drop,25,3.780952380952381,0.9238095238095239
CQR_sym,SocREval,drop,26,3.9904761904761905,0.9904761904761905
CQR_sym,SocREval,drop,27,3.9904761904761905,0.9904761904761905
CQR_sym,SocREval,drop,28,4.0,1.0
CQR_sym,SocREval,drop,29,3.723809523809524,0.9333333333333333
CQR_sym,SocREval,drop,30,3.7714285714285714,0.9428571428571428
CQR_sym,SocREval,esnli,1,4.0,1.0
CQR_sym,SocREval,esnli,2,3.026315789473684,1.0
CQR_sym,SocREval,esnli,3,2.8421052631578947,0.9605263157894737
CQR_sym,SocREval,esnli,4,3.039473684210526,0.9868421052631579
CQR_sym,SocREval,esnli,5,1.9736842105263157,0.881578947368421
CQR_sym,SocREval,esnli,6,1.7105263157894737,0.8947368421052632
CQR_sym,SocREval,esnli,7,2.8289473684210527,0.9605263157894737
CQR_sym,SocREval,esnli,8,3.0789473684210527,1.0
CQR_sym,SocREval,esnli,9,2.1710526315789473,0.9473684210526315
CQR_sym,SocREval,esnli,10,2.289473684210526,0.9605263157894737
CQR_sym,SocREval,esnli,11,3.0921052631578947,1.0
CQR_sym,SocREval,esnli,12,2.6578947368421053,0.9868421052631579
CQR_sym,SocREval,esnli,13,4.0,1.0
CQR_sym,SocREval,esnli,14,1.7894736842105263,0.7894736842105263
CQR_sym,SocREval,esnli,15,4.0,1.0
CQR_sym,SocREval,esnli,16,2.6842105263157894,0.9342105263157895
CQR_sym,SocREval,esnli,17,4.0,1.0
CQR_sym,SocREval,esnli,18,3.0,1.0
CQR_sym,SocREval,esnli,19,3.039473684210526,1.0
CQR_sym,SocREval,esnli,20,3.039473684210526,1.0
CQR_sym,SocREval,esnli,21,3.9473684210526314,1.0
CQR_sym,SocREval,esnli,22,2.6184210526315788,0.9210526315789473
CQR_sym,SocREval,esnli,23,3.0657894736842106,0.9868421052631579
CQR_sym,SocREval,esnli,24,2.973684210526316,0.9605263157894737
CQR_sym,SocREval,esnli,25,2.75,0.9473684210526315
CQR_sym,SocREval,esnli,26,3.0,0.9868421052631579
CQR_sym,SocREval,esnli,27,2.8026315789473686,0.9473684210526315
CQR_sym,SocREval,esnli,28,3.026315789473684,0.9868421052631579
CQR_sym,SocREval,esnli,29,3.1842105263157894,1.0
CQR_sym,SocREval,esnli,30,4.0,1.0
CQR_sym,SocREval,gsm8k,1,3.34,0.96
CQR_sym,SocREval,gsm8k,2,2.68,0.88
CQR_sym,SocREval,gsm8k,3,3.34,0.94
CQR_sym,SocREval,gsm8k,4,3.59,0.93
CQR_sym,SocREval,gsm8k,5,3.05,0.92
CQR_sym,SocREval,gsm8k,6,3.99,0.99
CQR_sym,SocREval,gsm8k,7,2.95,0.91
CQR_sym,SocREval,gsm8k,8,4.0,1.0
CQR_sym,SocREval,gsm8k,9,3.34,0.96
CQR_sym,SocREval,gsm8k,10,3.2,0.93
CQR_sym,SocREval,gsm8k,11,3.22,0.94
CQR_sym,SocREval,gsm8k,12,4.0,1.0
CQR_sym,SocREval,gsm8k,13,4.0,1.0
CQR_sym,SocREval,gsm8k,14,2.77,0.9
CQR_sym,SocREval,gsm8k,15,4.0,1.0
CQR_sym,SocREval,gsm8k,16,3.5,0.97
CQR_sym,SocREval,gsm8k,17,3.15,0.97
CQR_sym,SocREval,gsm8k,18,3.6,0.98
CQR_sym,SocREval,gsm8k,19,3.14,0.91
CQR_sym,SocREval,gsm8k,20,3.5,0.96
CQR_sym,SocREval,gsm8k,21,3.22,0.98
CQR_sym,SocREval,gsm8k,22,3.01,0.92
CQR_sym,SocREval,gsm8k,23,4.0,1.0
CQR_sym,SocREval,gsm8k,24,2.87,0.91
CQR_sym,SocREval,gsm8k,25,4.0,1.0
CQR_sym,SocREval,gsm8k,26,3.27,0.94
CQR_sym,SocREval,gsm8k,27,4.0,1.0
CQR_sym,SocREval,gsm8k,28,3.49,0.97
CQR_sym,SocREval,gsm8k,29,3.52,0.92
CQR_sym,SocREval,gsm8k,30,4.0,1.0
LVD,SocREval,cosmos,1,3.13265306122449,0.9591836734693877
LVD,SocREval,cosmos,2,3.4489795918367347,0.9897959183673469
LVD,SocREval,cosmos,3,3.2551020408163267,0.9285714285714286
LVD,SocREval,cosmos,4,3.13265306122449,0.9081632653061225
LVD,SocREval,cosmos,5,3.122448979591837,0.9285714285714286
LVD,SocREval,cosmos,6,3.5255102040816326,0.9795918367346939
LVD,SocREval,cosmos,7,3.1479591836734695,0.9387755102040817
LVD,SocREval,cosmos,8,3.326530612244898,0.9693877551020408
LVD,SocREval,cosmos,9,3.295918367346939,0.9489795918367347
LVD,SocREval,cosmos,10,3.13265306122449,0.8979591836734694
LVD,SocREval,cosmos,11,3.36734693877551,0.9693877551020408
LVD,SocREval,cosmos,12,3.3877551020408165,0.9795918367346939
LVD,SocREval,cosmos,13,3.2142857142857144,0.9387755102040817
LVD,SocREval,cosmos,14,3.163265306122449,0.9285714285714286
LVD,SocREval,cosmos,15,3.3214285714285716,0.9897959183673469
LVD,SocREval,cosmos,16,3.622448979591837,0.9795918367346939
LVD,SocREval,cosmos,17,3.061224489795918,0.9285714285714286
LVD,SocREval,cosmos,18,2.989795918367347,0.9387755102040817
LVD,SocREval,cosmos,19,3.4030612244897958,0.9795918367346939
LVD,SocREval,cosmos,20,2.9744897959183674,0.8979591836734694
LVD,SocREval,cosmos,21,3.295918367346939,0.9693877551020408
LVD,SocREval,cosmos,22,3.4591836734693877,0.9897959183673469
LVD,SocREval,cosmos,23,3.1377551020408165,0.9183673469387755
LVD,SocREval,cosmos,24,3.704081632653061,0.9897959183673469
LVD,SocREval,cosmos,25,3.127551020408163,0.9183673469387755
LVD,SocREval,cosmos,26,3.556122448979592,0.9795918367346939
LVD,SocREval,cosmos,27,3.0816326530612246,0.9387755102040817
LVD,SocREval,cosmos,28,3.4693877551020407,0.9897959183673469
LVD,SocREval,cosmos,29,3.5,0.9897959183673469
LVD,SocREval,cosmos,30,3.0918367346938775,0.9183673469387755
LVD,SocREval,drop,1,2.6285714285714286,0.9047619047619048
LVD,SocREval,drop,2,2.8285714285714287,0.9714285714285714
LVD,SocREval,drop,3,3.0285714285714285,0.9714285714285714
LVD,SocREval,drop,4,2.1095238095238096,0.8571428571428571
LVD,SocREval,drop,5,2.9285714285714284,0.9238095238095239
LVD,SocREval,drop,6,2.8142857142857145,0.9619047619047619
LVD,SocREval,drop,7,2.4238095238095236,0.9428571428571428
LVD,SocREval,drop,8,2.657142857142857,0.9047619047619048
LVD,SocREval,drop,9,2.742857142857143,0.9428571428571428
LVD,SocREval,drop,10,2.604761904761905,0.9523809523809523
LVD,SocREval,drop,11,2.4095238095238094,0.9238095238095239
LVD,SocREval,drop,12,2.780952380952381,0.9333333333333333
LVD,SocREval,drop,13,2.2904761904761903,0.9142857142857143
LVD,SocREval,drop,14,2.9523809523809526,1.0
LVD,SocREval,drop,15,2.7,0.9619047619047619
LVD,SocREval,drop,16,2.8142857142857145,0.9619047619047619
LVD,SocREval,drop,17,2.619047619047619,0.9619047619047619
LVD,SocREval,drop,18,2.7476190476190476,0.9904761904761905
LVD,SocREval,drop,19,2.8285714285714287,0.9523809523809523
LVD,SocREval,drop,20,2.5476190476190474,0.8952380952380953
LVD,SocREval,drop,21,2.7857142857142856,0.9333333333333333
LVD,SocREval,drop,22,2.4095238095238094,0.8857142857142857
LVD,SocREval,drop,23,2.6,0.9428571428571428
LVD,SocREval,drop,24,2.6666666666666665,0.9238095238095239
LVD,SocREval,drop,25,2.2714285714285714,0.8857142857142857
LVD,SocREval,drop,26,2.9238095238095236,0.9523809523809523
LVD,SocREval,drop,27,2.638095238095238,0.9428571428571428
LVD,SocREval,drop,28,2.7285714285714286,0.9333333333333333
LVD,SocREval,drop,29,2.7904761904761903,0.9523809523809523
LVD,SocREval,drop,30,2.704761904761905,0.9428571428571428
LVD,SocREval,esnli,1,2.335526315789474,0.9736842105263158
LVD,SocREval,esnli,2,2.0592105263157894,0.9473684210526315
LVD,SocREval,esnli,3,2.2697368421052633,1.0
LVD,SocREval,esnli,4,1.9605263157894737,0.9605263157894737
LVD,SocREval,esnli,5,2.3157894736842106,0.9868421052631579
LVD,SocREval,esnli,6,2.5460526315789473,0.9605263157894737
LVD,SocREval,esnli,7,2.8684210526315788,1.0
LVD,SocREval,esnli,8,2.0592105263157894,0.9605263157894737
LVD,SocREval,esnli,9,2.4078947368421053,0.9736842105263158
LVD,SocREval,esnli,10,1.6710526315789473,0.8421052631578947
LVD,SocREval,esnli,11,2.8026315789473686,1.0
LVD,SocREval,esnli,12,2.513157894736842,0.9736842105263158
LVD,SocREval,esnli,13,2.3684210526315788,0.9868421052631579
LVD,SocREval,esnli,14,2.3815789473684212,0.9605263157894737
LVD,SocREval,esnli,15,2.539473684210526,0.9473684210526315
LVD,SocREval,esnli,16,2.4407894736842106,0.9736842105263158
LVD,SocREval,esnli,17,1.736842105263158,0.9078947368421053
LVD,SocREval,esnli,18,2.3421052631578947,0.9736842105263158
LVD,SocREval,esnli,19,1.9473684210526316,0.9605263157894737
LVD,SocREval,esnli,20,1.8289473684210527,0.9473684210526315
LVD,SocREval,esnli,21,2.3289473684210527,0.9736842105263158
LVD,SocREval,esnli,22,2.111842105263158,0.9605263157894737
LVD,SocREval,esnli,23,2.3815789473684212,0.9736842105263158
LVD,SocREval,esnli,24,2.276315789473684,0.9736842105263158
LVD,SocREval,esnli,25,2.4802631578947367,0.9868421052631579
LVD,SocREval,esnli,26,1.9210526315789473,0.9473684210526315
LVD,SocREval,esnli,27,2.3026315789473686,0.9868421052631579
LVD,SocREval,esnli,28,2.026315789473684,0.9736842105263158
LVD,SocREval,esnli,29,1.9473684210526316,0.9473684210526315
LVD,SocREval,esnli,30,1.9473684210526316,0.9473684210526315
LVD,SocREval,gsm8k,1,3.165,0.94
LVD,SocREval,gsm8k,2,1.91,0.85
LVD,SocREval,gsm8k,3,3.36,0.98
LVD,SocREval,gsm8k,4,2.925,0.93
LVD,SocREval,gsm8k,5,3.03,0.95
LVD,SocREval,gsm8k,6,3.275,0.98
LVD,SocREval,gsm8k,7,3.49,0.95
LVD,SocREval,gsm8k,8,3.32,0.98
LVD,SocREval,gsm8k,9,2.99,0.92
LVD,SocREval,gsm8k,10,3.13,0.96
LVD,SocREval,gsm8k,11,2.84,0.94
LVD,SocREval,gsm8k,12,3.17,0.96
LVD,SocREval,gsm8k,13,3.35,0.95
LVD,SocREval,gsm8k,14,3.27,0.97
LVD,SocREval,gsm8k,15,1.56,0.83
LVD,SocREval,gsm8k,16,3.09,0.97
LVD,SocREval,gsm8k,17,3.09,0.95
LVD,SocREval,gsm8k,18,3.27,0.96
LVD,SocREval,gsm8k,19,3.47,0.97
LVD,SocREval,gsm8k,20,1.975,0.88
LVD,SocREval,gsm8k,21,3.475,0.98
LVD,SocREval,gsm8k,22,3.2,0.97
LVD,SocREval,gsm8k,23,3.1,0.93
LVD,SocREval,gsm8k,24,3.19,0.97
LVD,SocREval,gsm8k,25,3.3,0.98
LVD,SocREval,gsm8k,26,2.935,0.96
LVD,SocREval,gsm8k,27,3.035,0.94
LVD,SocREval,gsm8k,28,3.185,0.92
LVD,SocREval,gsm8k,29,2.525,0.87
LVD,SocREval,gsm8k,30,3.285,0.98
OrdinalAPS,SocREval,cosmos,1,1.336734693877551,0.6224489795918368
OrdinalAPS,SocREval,cosmos,2,1.3673469387755102,0.6020408163265306
OrdinalAPS,SocREval,cosmos,3,1.3061224489795917,0.6428571428571429
OrdinalAPS,SocREval,cosmos,4,1.336734693877551,0.6428571428571429
OrdinalAPS,SocREval,cosmos,5,1.2755102040816326,0.5918367346938775
OrdinalAPS,SocREval,cosmos,6,1.2857142857142858,0.6224489795918368
OrdinalAPS,SocREval,cosmos,7,1.316326530612245,0.5714285714285714
OrdinalAPS,SocREval,cosmos,8,1.2857142857142858,0.5612244897959183
OrdinalAPS,SocREval,cosmos,9,1.3265306122448979,0.6122448979591837
OrdinalAPS,SocREval,cosmos,10,1.2959183673469388,0.5918367346938775
OrdinalAPS,SocREval,cosmos,11,1.2959183673469388,0.5306122448979592
OrdinalAPS,SocREval,cosmos,12,1.2857142857142858,0.5612244897959183
OrdinalAPS,SocREval,cosmos,13,1.2653061224489797,0.5816326530612245
OrdinalAPS,SocREval,cosmos,14,1.316326530612245,0.5612244897959183
OrdinalAPS,SocREval,cosmos,15,1.3265306122448979,0.6428571428571429
OrdinalAPS,SocREval,cosmos,16,1.3061224489795917,0.6632653061224489
OrdinalAPS,SocREval,cosmos,17,1.346938775510204,0.5612244897959183
OrdinalAPS,SocREval,cosmos,18,1.336734693877551,0.6632653061224489
OrdinalAPS,SocREval,cosmos,19,1.336734693877551,0.6530612244897959
OrdinalAPS,SocREval,cosmos,20,1.3979591836734695,0.5918367346938775
OrdinalAPS,SocREval,cosmos,21,1.3673469387755102,0.5918367346938775
OrdinalAPS,SocREval,cosmos,22,1.3571428571428572,0.6122448979591837
OrdinalAPS,SocREval,cosmos,23,1.346938775510204,0.5612244897959183
OrdinalAPS,SocREval,cosmos,24,1.3265306122448979,0.5510204081632653
OrdinalAPS,SocREval,cosmos,25,1.3571428571428572,0.5816326530612245
OrdinalAPS,SocREval,cosmos,26,1.2755102040816326,0.6122448979591837
OrdinalAPS,SocREval,cosmos,27,1.2755102040816326,0.5816326530612245
OrdinalAPS,SocREval,cosmos,28,1.2857142857142858,0.6122448979591837
OrdinalAPS,SocREval,cosmos,29,1.336734693877551,0.5612244897959183
OrdinalAPS,SocREval,cosmos,30,1.346938775510204,0.6632653061224489
OrdinalAPS,SocREval,drop,1,1.2952380952380953,0.7904761904761904
OrdinalAPS,SocREval,drop,2,1.2666666666666666,0.819047619047619
OrdinalAPS,SocREval,drop,3,1.2952380952380953,0.8095238095238095
OrdinalAPS,SocREval,drop,4,1.2190476190476192,0.7619047619047619
OrdinalAPS,SocREval,drop,5,1.3047619047619048,0.7714285714285715
OrdinalAPS,SocREval,drop,6,1.2666666666666666,0.7904761904761904
OrdinalAPS,SocREval,drop,7,1.2571428571428571,0.7523809523809524
OrdinalAPS,SocREval,drop,8,1.2285714285714286,0.7714285714285715
OrdinalAPS,SocREval,drop,9,1.2666666666666666,0.819047619047619
OrdinalAPS,SocREval,drop,10,1.2857142857142858,0.8095238095238095
OrdinalAPS,SocREval,drop,11,1.276190476190476,0.7333333333333333
OrdinalAPS,SocREval,drop,12,1.180952380952381,0.819047619047619
OrdinalAPS,SocREval,drop,13,1.2476190476190476,0.7333333333333333
OrdinalAPS,SocREval,drop,14,1.2571428571428571,0.819047619047619
OrdinalAPS,SocREval,drop,15,1.2571428571428571,0.8
OrdinalAPS,SocREval,drop,16,1.2666666666666666,0.7904761904761904
OrdinalAPS,SocREval,drop,17,1.2380952380952381,0.780952380952381
OrdinalAPS,SocREval,drop,18,1.1904761904761905,0.780952380952381
OrdinalAPS,SocREval,drop,19,1.2952380952380953,0.7523809523809524
OrdinalAPS,SocREval,drop,20,1.2571428571428571,0.7523809523809524
OrdinalAPS,SocREval,drop,21,1.2380952380952381,0.7619047619047619
OrdinalAPS,SocREval,drop,22,1.2666666666666666,0.7333333333333333
OrdinalAPS,SocREval,drop,23,1.2952380952380953,0.8095238095238095
OrdinalAPS,SocREval,drop,24,1.2095238095238094,0.7333333333333333
OrdinalAPS,SocREval,drop,25,1.2952380952380953,0.7428571428571429
OrdinalAPS,SocREval,drop,26,1.3238095238095238,0.7904761904761904
OrdinalAPS,SocREval,drop,27,1.2666666666666666,0.7904761904761904
OrdinalAPS,SocREval,drop,28,1.2190476190476192,0.8285714285714286
OrdinalAPS,SocREval,drop,29,1.2190476190476192,0.8095238095238095
OrdinalAPS,SocREval,drop,30,1.2285714285714286,0.8095238095238095
OrdinalAPS,SocREval,esnli,1,1.4736842105263157,0.8552631578947368
OrdinalAPS,SocREval,esnli,2,1.4736842105263157,0.868421052631579
OrdinalAPS,SocREval,esnli,3,1.4473684210526316,0.868421052631579
OrdinalAPS,SocREval,esnli,4,1.5526315789473684,0.8947368421052632
OrdinalAPS,SocREval,esnli,5,1.4078947368421053,0.8947368421052632
OrdinalAPS,SocREval,esnli,6,1.5526315789473684,0.8552631578947368
OrdinalAPS,SocREval,esnli,7,1.4342105263157894,0.868421052631579
OrdinalAPS,SocREval,esnli,8,1.5,0.8947368421052632
OrdinalAPS,SocREval,esnli,9,1.4342105263157894,0.868421052631579
OrdinalAPS,SocREval,esnli,10,1.4473684210526316,0.8421052631578947
OrdinalAPS,SocREval,esnli,11,1.4473684210526316,0.8552631578947368
OrdinalAPS,SocREval,esnli,12,1.5263157894736843,0.881578947368421
OrdinalAPS,SocREval,esnli,13,1.4342105263157894,0.9078947368421053
OrdinalAPS,SocREval,esnli,14,1.4736842105263157,0.8421052631578947
OrdinalAPS,SocREval,esnli,15,1.5,0.9078947368421053
OrdinalAPS,SocREval,esnli,16,1.4605263157894737,0.8552631578947368
OrdinalAPS,SocREval,esnli,17,1.263157894736842,0.7894736842105263
OrdinalAPS,SocREval,esnli,18,1.5,0.881578947368421
OrdinalAPS,SocREval,esnli,19,1.486842105263158,0.9078947368421053
OrdinalAPS,SocREval,esnli,20,1.4078947368421053,0.868421052631579
OrdinalAPS,SocREval,esnli,21,1.5526315789473684,0.8421052631578947
OrdinalAPS,SocREval,esnli,22,1.355263157894737,0.9078947368421053
OrdinalAPS,SocREval,esnli,23,1.4342105263157894,0.9078947368421053
OrdinalAPS,SocREval,esnli,24,1.486842105263158,0.868421052631579
OrdinalAPS,SocREval,esnli,25,1.5263157894736843,0.9210526315789473
OrdinalAPS,SocREval,esnli,26,1.4210526315789473,0.9078947368421053
OrdinalAPS,SocREval,esnli,27,1.4736842105263157,0.8947368421052632
OrdinalAPS,SocREval,esnli,28,1.4342105263157894,0.8947368421052632
OrdinalAPS,SocREval,esnli,29,1.394736842105263,0.9078947368421053
OrdinalAPS,SocREval,esnli,30,1.5394736842105263,0.8947368421052632
OrdinalAPS,SocREval,gsm8k,1,1.55,0.84
OrdinalAPS,SocREval,gsm8k,2,1.5,0.81
OrdinalAPS,SocREval,gsm8k,3,1.45,0.86
OrdinalAPS,SocREval,gsm8k,4,1.53,0.85
OrdinalAPS,SocREval,gsm8k,5,1.43,0.86
OrdinalAPS,SocREval,gsm8k,6,1.45,0.85
OrdinalAPS,SocREval,gsm8k,7,1.59,0.85
OrdinalAPS,SocREval,gsm8k,8,1.45,0.88
OrdinalAPS,SocREval,gsm8k,9,1.43,0.85
OrdinalAPS,SocREval,gsm8k,10,1.57,0.85
OrdinalAPS,SocREval,gsm8k,11,1.47,0.86
OrdinalAPS,SocREval,gsm8k,12,1.47,0.88
OrdinalAPS,SocREval,gsm8k,13,1.58,0.84
OrdinalAPS,SocREval,gsm8k,14,1.59,0.87
OrdinalAPS,SocREval,gsm8k,15,1.02,0.78
OrdinalAPS,SocREval,gsm8k,16,1.51,0.87
OrdinalAPS,SocREval,gsm8k,17,1.55,0.85
OrdinalAPS,SocREval,gsm8k,18,1.58,0.88
OrdinalAPS,SocREval,gsm8k,19,1.54,0.89
OrdinalAPS,SocREval,gsm8k,20,1.56,0.86
OrdinalAPS,SocREval,gsm8k,21,1.57,0.86
OrdinalAPS,SocREval,gsm8k,22,1.48,0.85
OrdinalAPS,SocREval,gsm8k,23,1.61,0.85
OrdinalAPS,SocREval,gsm8k,24,1.47,0.85
OrdinalAPS,SocREval,gsm8k,25,1.5,0.9
OrdinalAPS,SocREval,gsm8k,26,1.64,0.85
OrdinalAPS,SocREval,gsm8k,27,1.5,0.87
OrdinalAPS,SocREval,gsm8k,28,1.48,0.83
OrdinalAPS,SocREval,gsm8k,29,1.51,0.83
OrdinalAPS,SocREval,gsm8k,30,1.48,0.93
OrdinalRC,SocREval,cosmos,1,1.4591836734693877,0.6428571428571429
OrdinalRC,SocREval,cosmos,2,1.469387755102041,0.6224489795918368
OrdinalRC,SocREval,cosmos,3,1.4489795918367347,0.673469387755102
OrdinalRC,SocREval,cosmos,4,1.4591836734693877,0.673469387755102
OrdinalRC,SocREval,cosmos,5,1.3979591836734695,0.6020408163265306
OrdinalRC,SocREval,cosmos,6,1.4183673469387754,0.6632653061224489
OrdinalRC,SocREval,cosmos,7,1.4183673469387754,0.6020408163265306
OrdinalRC,SocREval,cosmos,8,1.3673469387755102,0.5714285714285714
OrdinalRC,SocREval,cosmos,9,1.4081632653061225,0.6224489795918368
OrdinalRC,SocREval,cosmos,10,1.3673469387755102,0.6020408163265306
OrdinalRC,SocREval,cosmos,11,1.4183673469387754,0.5714285714285714
OrdinalRC,SocREval,cosmos,12,1.4081632653061225,0.5816326530612245
OrdinalRC,SocREval,cosmos,13,1.3979591836734695,0.6122448979591837
OrdinalRC,SocREval,cosmos,14,1.4387755102040816,0.6020408163265306
OrdinalRC,SocREval,cosmos,15,1.4285714285714286,0.6530612244897959
OrdinalRC,SocREval,cosmos,16,1.4183673469387754,0.6938775510204082
OrdinalRC,SocREval,cosmos,17,1.469387755102041,0.6020408163265306
OrdinalRC,SocREval,cosmos,18,1.4591836734693877,0.6938775510204082
OrdinalRC,SocREval,cosmos,19,1.4489795918367347,0.6836734693877551
OrdinalRC,SocREval,cosmos,20,1.4795918367346939,0.6020408163265306
OrdinalRC,SocREval,cosmos,21,1.4795918367346939,0.6122448979591837
OrdinalRC,SocREval,cosmos,22,1.5,0.6530612244897959
OrdinalRC,SocREval,cosmos,23,1.4591836734693877,0.5714285714285714
OrdinalRC,SocREval,cosmos,24,1.4285714285714286,0.5714285714285714
OrdinalRC,SocREval,cosmos,25,1.4795918367346939,0.6020408163265306
OrdinalRC,SocREval,cosmos,26,1.3673469387755102,0.6326530612244898
OrdinalRC,SocREval,cosmos,27,1.3979591836734695,0.6122448979591837
OrdinalRC,SocREval,cosmos,28,1.4591836734693877,0.6428571428571429
OrdinalRC,SocREval,cosmos,29,1.4489795918367347,0.5714285714285714
OrdinalRC,SocREval,cosmos,30,1.4489795918367347,0.6632653061224489
OrdinalRC,SocREval,drop,1,1.380952380952381,0.7904761904761904
OrdinalRC,SocREval,drop,2,1.3523809523809525,0.819047619047619
OrdinalRC,SocREval,drop,3,1.3714285714285714,0.8095238095238095
OrdinalRC,SocREval,drop,4,1.2571428571428571,0.7619047619047619
OrdinalRC,SocREval,drop,5,1.361904761904762,0.7714285714285715
OrdinalRC,SocREval,drop,6,1.3523809523809525,0.7904761904761904
OrdinalRC,SocREval,drop,7,1.3428571428571427,0.7523809523809524
OrdinalRC,SocREval,drop,8,1.3142857142857143,0.7714285714285715
OrdinalRC,SocREval,drop,9,1.361904761904762,0.819047619047619
OrdinalRC,SocREval,drop,10,1.3333333333333333,0.8095238095238095
OrdinalRC,SocREval,drop,11,1.3523809523809525,0.7333333333333333
OrdinalRC,SocREval,drop,12,1.2476190476190476,0.819047619047619
OrdinalRC,SocREval,drop,13,1.3047619047619048,0.7333333333333333
OrdinalRC,SocREval,drop,14,1.3333333333333333,0.819047619047619
OrdinalRC,SocREval,drop,15,1.3523809523809525,0.8
OrdinalRC,SocREval,drop,16,1.3523809523809525,0.7904761904761904
OrdinalRC,SocREval,drop,17,1.3047619047619048,0.780952380952381
OrdinalRC,SocREval,drop,18,1.276190476190476,0.780952380952381
OrdinalRC,SocREval,drop,19,1.3523809523809525,0.7523809523809524
OrdinalRC,SocREval,drop,20,1.3523809523809525,0.7523809523809524
OrdinalRC,SocREval,drop,21,1.3142857142857143,0.7619047619047619
OrdinalRC,SocREval,drop,22,1.3142857142857143,0.7333333333333333
OrdinalRC,SocREval,drop,23,1.361904761904762,0.8095238095238095
OrdinalRC,SocREval,drop,24,1.2952380952380953,0.7333333333333333
OrdinalRC,SocREval,drop,25,1.3333333333333333,0.7428571428571429
OrdinalRC,SocREval,drop,26,1.3714285714285714,0.7904761904761904
OrdinalRC,SocREval,drop,27,1.3523809523809525,0.7904761904761904
OrdinalRC,SocREval,drop,28,1.3047619047619048,0.8285714285714286
OrdinalRC,SocREval,drop,29,1.276190476190476,0.8095238095238095
OrdinalRC,SocREval,drop,30,1.3047619047619048,0.8095238095238095
OrdinalRC,SocREval,esnli,1,1.5657894736842106,0.868421052631579
OrdinalRC,SocREval,esnli,2,1.5789473684210527,0.881578947368421
OrdinalRC,SocREval,esnli,3,1.5263157894736843,0.881578947368421
OrdinalRC,SocREval,esnli,4,1.618421052631579,0.9078947368421053
OrdinalRC,SocREval,esnli,5,1.513157894736842,0.9078947368421053
OrdinalRC,SocREval,esnli,6,1.618421052631579,0.868421052631579
OrdinalRC,SocREval,esnli,7,1.5,0.868421052631579
OrdinalRC,SocREval,esnli,8,1.5657894736842106,0.8947368421052632
OrdinalRC,SocREval,esnli,9,1.5263157894736843,0.881578947368421
OrdinalRC,SocREval,esnli,10,1.355263157894737,0.8421052631578947
OrdinalRC,SocREval,esnli,11,1.5789473684210527,0.868421052631579
OrdinalRC,SocREval,esnli,12,1.618421052631579,0.8947368421052632
OrdinalRC,SocREval,esnli,13,1.5394736842105263,0.9210526315789473
OrdinalRC,SocREval,esnli,14,1.3421052631578947,0.8157894736842105
OrdinalRC,SocREval,esnli,15,1.5789473684210527,0.9078947368421053
OrdinalRC,SocREval,esnli,16,1.5394736842105263,0.8552631578947368
OrdinalRC,SocREval,esnli,17,1.2894736842105263,0.7894736842105263
OrdinalRC,SocREval,esnli,18,1.5789473684210527,0.8947368421052632
OrdinalRC,SocREval,esnli,19,1.5921052631578947,0.9210526315789473
OrdinalRC,SocREval,esnli,20,1.5,0.881578947368421
OrdinalRC,SocREval,esnli,21,1.381578947368421,0.8157894736842105
OrdinalRC,SocREval,esnli,22,1.4342105263157894,0.9078947368421053
OrdinalRC,SocREval,esnli,23,1.5,0.9078947368421053
OrdinalRC,SocREval,esnli,24,1.513157894736842,0.868421052631579
OrdinalRC,SocREval,esnli,25,1.618421052631579,0.9210526315789473
OrdinalRC,SocREval,esnli,26,1.5,0.9210526315789473
OrdinalRC,SocREval,esnli,27,1.5526315789473684,0.8947368421052632
OrdinalRC,SocREval,esnli,28,1.513157894736842,0.9078947368421053
OrdinalRC,SocREval,esnli,29,1.486842105263158,0.9078947368421053
OrdinalRC,SocREval,esnli,30,1.618421052631579,0.8947368421052632
OrdinalRC,SocREval,gsm8k,1,1.61,0.85
OrdinalRC,SocREval,gsm8k,2,1.58,0.82
OrdinalRC,SocREval,gsm8k,3,1.52,0.87
OrdinalRC,SocREval,gsm8k,4,1.58,0.85
OrdinalRC,SocREval,gsm8k,5,1.48,0.86
OrdinalRC,SocREval,gsm8k,6,1.51,0.86
OrdinalRC,SocREval,gsm8k,7,1.64,0.86
OrdinalRC,SocREval,gsm8k,8,1.53,0.89
OrdinalRC,SocREval,gsm8k,9,1.5,0.86
OrdinalRC,SocREval,gsm8k,10,1.6,0.85
OrdinalRC,SocREval,gsm8k,11,1.54,0.86
OrdinalRC,SocREval,gsm8k,12,1.51,0.88
OrdinalRC,SocREval,gsm8k,13,1.65,0.85
OrdinalRC,SocREval,gsm8k,14,1.61,0.87
OrdinalRC,SocREval,gsm8k,15,0.8,0.76
OrdinalRC,SocREval,gsm8k,16,1.54,0.87
OrdinalRC,SocREval,gsm8k,17,1.61,0.85
OrdinalRC,SocREval,gsm8k,18,1.65,0.89
OrdinalRC,SocREval,gsm8k,19,1.6,0.9
OrdinalRC,SocREval,gsm8k,20,1.61,0.86
OrdinalRC,SocREval,gsm8k,21,1.65,0.86
OrdinalRC,SocREval,gsm8k,22,1.53,0.85
OrdinalRC,SocREval,gsm8k,23,1.64,0.85
OrdinalRC,SocREval,gsm8k,24,1.5,0.85
OrdinalRC,SocREval,gsm8k,25,1.55,0.91
OrdinalRC,SocREval,gsm8k,26,1.68,0.85
OrdinalRC,SocREval,gsm8k,27,1.6,0.88
OrdinalRC,SocREval,gsm8k,28,1.54,0.84
OrdinalRC,SocREval,gsm8k,29,1.55,0.84
OrdinalRC,SocREval,gsm8k,30,1.53,0.93
R2CCP,SocREval,cosmos,1,2.5969387755102042,0.8979591836734694
R2CCP,SocREval,cosmos,2,2.857142857142857,0.9183673469387755
R2CCP,SocREval,cosmos,3,3.770408163265306,0.9693877551020408
R2CCP,SocREval,cosmos,4,3.5510204081632653,0.9693877551020408
R2CCP,SocREval,cosmos,5,3.556122448979592,1.0
R2CCP,SocREval,cosmos,6,3.372448979591837,0.9489795918367347
R2CCP,SocREval,cosmos,7,3.5408163265306123,0.9897959183673469
R2CCP,SocREval,cosmos,8,3.0714285714285716,0.9285714285714286
R2CCP,SocREval,cosmos,9,3.0,0.9387755102040817
R2CCP,SocREval,cosmos,10,2.3877551020408165,0.8469387755102041
R2CCP,SocREval,cosmos,11,2.0816326530612246,0.7755102040816326
R2CCP,SocREval,cosmos,12,3.688775510204082,1.0
R2CCP,SocREval,cosmos,13,3.3877551020408165,0.9591836734693877
R2CCP,SocREval,cosmos,14,1.5561224489795917,0.6938775510204082
R2CCP,SocREval,cosmos,15,2.193877551020408,0.8571428571428571
R2CCP,SocREval,cosmos,16,2.061224489795918,0.7959183673469388
R2CCP,SocREval,cosmos,17,2.5051020408163267,0.8571428571428571
R2CCP,SocREval,cosmos,18,1.7908163265306123,0.7857142857142857
R2CCP,SocREval,cosmos,19,2.8877551020408165,0.9591836734693877
R2CCP,SocREval,cosmos,20,3.3979591836734695,0.9489795918367347
R2CCP,SocREval,cosmos,21,3.2448979591836733,0.9489795918367347
R2CCP,SocREval,cosmos,22,2.7193877551020407,0.9081632653061225
R2CCP,SocREval,cosmos,23,3.086734693877551,0.9183673469387755
R2CCP,SocREval,cosmos,24,2.454081632653061,0.8469387755102041
R2CCP,SocREval,cosmos,25,2.877551020408163,0.8979591836734694
R2CCP,SocREval,cosmos,26,3.9183673469387754,0.9897959183673469
R2CCP,SocREval,cosmos,27,2.7091836734693877,0.8877551020408163
R2CCP,SocREval,cosmos,28,3.3469387755102042,0.9693877551020408
R2CCP,SocREval,cosmos,29,3.5816326530612246,0.9897959183673469
R2CCP,SocREval,cosmos,30,2.086734693877551,0.7755102040816326
R2CCP,SocREval,drop,1,2.7476190476190476,0.9809523809523809
R2CCP,SocREval,drop,2,2.876190476190476,0.9904761904761905
R2CCP,SocREval,drop,3,2.9904761904761905,0.9904761904761905
R2CCP,SocREval,drop,4,2.6476190476190475,0.9047619047619048
R2CCP,SocREval,drop,5,2.3523809523809525,0.9333333333333333
R2CCP,SocREval,drop,6,2.3190476190476192,0.9428571428571428
R2CCP,SocREval,drop,7,1.7095238095238094,0.7904761904761904
R2CCP,SocREval,drop,8,2.1857142857142855,0.9047619047619048
R2CCP,SocREval,drop,9,2.6809523809523808,0.9428571428571428
R2CCP,SocREval,drop,10,2.8,0.9523809523809523
R2CCP,SocREval,drop,11,1.6333333333333333,0.8285714285714286
R2CCP,SocREval,drop,12,2.704761904761905,0.9904761904761905
R2CCP,SocREval,drop,13,1.8952380952380952,0.8761904761904762
R2CCP,SocREval,drop,14,2.5428571428571427,0.9333333333333333
R2CCP,SocREval,drop,15,2.176190476190476,0.9047619047619048
R2CCP,SocREval,drop,16,2.361904761904762,0.9238095238095239
R2CCP,SocREval,drop,17,2.704761904761905,0.9809523809523809
R2CCP,SocREval,drop,18,1.6666666666666667,0.8952380952380953
R2CCP,SocREval,drop,19,1.2428571428571429,0.7523809523809524
R2CCP,SocREval,drop,20,2.4047619047619047,0.9047619047619048
R2CCP,SocREval,drop,21,2.038095238095238,0.8571428571428571
R2CCP,SocREval,drop,22,2.5238095238095237,0.9142857142857143
R2CCP,SocREval,drop,23,2.7333333333333334,0.9619047619047619
R2CCP,SocREval,drop,24,1.3476190476190477,0.8
R2CCP,SocREval,drop,25,1.6761904761904762,0.8761904761904762
R2CCP,SocREval,drop,26,3.276190476190476,0.9619047619047619
R2CCP,SocREval,drop,27,0.8238095238095238,0.6190476190476191
R2CCP,SocREval,drop,28,2.795238095238095,1.0
R2CCP,SocREval,drop,29,2.3047619047619046,0.9142857142857143
R2CCP,SocREval,drop,30,1.2095238095238094,0.7619047619047619
R2CCP,SocREval,esnli,1,2.3026315789473686,0.9736842105263158
R2CCP,SocREval,esnli,2,1.618421052631579,0.9078947368421053
R2CCP,SocREval,esnli,3,1.7763157894736843,0.9736842105263158
R2CCP,SocREval,esnli,4,2.1842105263157894,0.9473684210526315
R2CCP,SocREval,esnli,5,1.519736842105263,0.9210526315789473
R2CCP,SocREval,esnli,6,2.0,0.8947368421052632
R2CCP,SocREval,esnli,7,2.1052631578947367,0.9868421052631579
R2CCP,SocREval,esnli,8,2.223684210526316,0.9605263157894737
R2CCP,SocREval,esnli,9,1.263157894736842,0.8947368421052632
R2CCP,SocREval,esnli,10,1.6973684210526316,0.9078947368421053
R2CCP,SocREval,esnli,12,1.8289473684210527,0.9473684210526315
R2CCP,SocREval,esnli,13,2.3421052631578947,1.0
R2CCP,SocREval,esnli,14,0.3684210526315789,0.6052631578947368
R2CCP,SocREval,esnli,16,1.3223684210526316,0.8947368421052632
R2CCP,SocREval,esnli,17,2.1710526315789473,0.9473684210526315
R2CCP,SocREval,esnli,18,2.236842105263158,0.9868421052631579
R2CCP,SocREval,esnli,19,1.2105263157894737,0.868421052631579
R2CCP,SocREval,esnli,20,2.4671052631578947,0.9868421052631579
R2CCP,SocREval,esnli,21,2.085526315789474,0.9473684210526315
R2CCP,SocREval,esnli,23,1.25,0.868421052631579
R2CCP,SocREval,esnli,24,1.9473684210526316,0.9473684210526315
R2CCP,SocREval,esnli,25,0.8355263157894737,0.8421052631578947
R2CCP,SocREval,esnli,26,1.3223684210526316,0.8552631578947368
R2CCP,SocREval,esnli,27,2.361842105263158,0.9736842105263158
R2CCP,SocREval,esnli,28,1.9473684210526316,0.9736842105263158
R2CCP,SocREval,esnli,29,2.1447368421052633,0.9736842105263158
R2CCP,SocREval,esnli,30,1.9736842105263157,0.9473684210526315
R2CCP,SocREval,gsm8k,1,1.62,0.86
R2CCP,SocREval,gsm8k,2,0.38,0.73
R2CCP,SocREval,gsm8k,3,0.845,0.82
R2CCP,SocREval,gsm8k,4,3.29,0.95
R2CCP,SocREval,gsm8k,5,0.39,0.82
R2CCP,SocREval,gsm8k,6,3.275,0.95
R2CCP,SocREval,gsm8k,7,1.04,0.86
R2CCP,SocREval,gsm8k,8,3.35,0.97
R2CCP,SocREval,gsm8k,9,2.37,0.88
R2CCP,SocREval,gsm8k,10,1.525,0.85
R2CCP,SocREval,gsm8k,11,3.125,0.93
R2CCP,SocREval,gsm8k,12,3.335,0.97
R2CCP,SocREval,gsm8k,13,2.05,0.87
R2CCP,SocREval,gsm8k,14,3.68,0.94
R2CCP,SocREval,gsm8k,15,0.4,0.74
R2CCP,SocREval,gsm8k,16,0.855,0.83
R2CCP,SocREval,gsm8k,17,0.47,0.84
R2CCP,SocREval,gsm8k,18,3.025,0.92
R2CCP,SocREval,gsm8k,19,0.44,0.86
R2CCP,SocREval,gsm8k,20,0.28,0.77
R2CCP,SocREval,gsm8k,21,1.61,0.91
R2CCP,SocREval,gsm8k,22,0.46,0.78
R2CCP,SocREval,gsm8k,23,0.745,0.75
R2CCP,SocREval,gsm8k,24,3.9,0.99
R2CCP,SocREval,gsm8k,25,2.895,0.95
R2CCP,SocREval,gsm8k,26,2.8,0.9
R2CCP,SocREval,gsm8k,27,2.98,0.91
R2CCP,SocREval,gsm8k,28,1.63,0.85
R2CCP,SocREval,gsm8k,29,0.82,0.76
R2CCP,SocREval,gsm8k,30,1.13,0.92
